cbsa_code,zhvi_earliest,zhvi_latest,zhvi_internal_missing_months,zhvi_longest_contiguous,permits_nsa_earliest,permits_nsa_latest,permits_nsa_internal_missing_months,permits_nsa_longest_contiguous,permits_sa_earliest,permits_sa_latest,permits_sa_internal_missing_months,permits_sa_longest_contiguous,employment_official_sa_earliest,employment_official_sa_latest,employment_official_sa_internal_missing_months,employment_official_sa_longest_contiguous,employment_local_x13_sa_earliest,employment_local_x13_sa_latest,employment_local_x13_sa_internal_missing_months,employment_local_x13_sa_longest_contiguous
00080,,,0,0,2000-01,2003-12,0,48,,,0,0,,,0,0,,,0,0
00440,,,0,0,2000-01,2003-12,0,48,,,0,0,,,0,0,,,0,0
00560,,,0,0,2000-01,2003-12,0,48,,,0,0,,,0,0,,,0,0
00720,,,0,0,2000-01,2003-12,0,48,,,0,0,,,0,0,,,0,0
00875,,,0,0,2000-01,2003-12,0,48,,,0,0,,,0,0,,,0,0
01120,,,0,0,2000-01,2003-12,0,48,,,0,0,,,0,0,,,0,0
01125,,,0,0,2000-01,2003-12,0,48,,,0,0,,,0,0,,,0,0
01145,,,0,0,2000-01,2003-12,0,48,,,0,0,,,0,0,,,0,0
01150,,,0,0,2000-01,2003-12,0,48,,,0,0,,,0,0,,,0,0
01160,,,0,0,2000-01,2003-12,0,48,,,0,0,,,0,0,,,0,0
01200,,,0,0,2000-01,2003-12,0,48,,,0,0,,,0,0,,,0,0
01600,,,0,0,2000-01,2003-12,0,48,,,0,0,,,0,0,,,0,0
01640,,,0,0,2000-01,2003-12,0,48,,,0,0,,,0,0,,,0,0
01680,,,0,0,2000-01,2003-12,0,48,,,0,0,,,0,0,,,0,0
01920,,,0,0,2000-01,2003-12,0,48,,,0,0,,,0,0,,,0,0
01930,,,0,0,2000-01,2003-12,0,48,,,0,0,,,0,0,,,0,0
02080,,,0,0,2000-01,2003-12,0,48,,,0,0,,,0,0,,,0,0
02160,,,0,0,2000-01,2003-12,0,48,,,0,0,,,0,0,,,0,0
02281,,,0,0,2000-01,2003-12,0,48,,,0,0,,,0,0,,,0,0
02600,,,0,0,2000-01,2003-12,0,48,,,0,0,,,0,0,,,0,0
02640,,,0,0,2000-01,2003-12,0,48,,,0,0,,,0,0,,,0,0
02680,,,0,0,2000-01,2003-12,0,48,,,0,0,,,0,0,,,0,0
02800,,,0,0,2000-01,2003-12,0,48,,,0,0,,,0,0,,,0,0
02920,,,0,0,2000-01,2003-12,0,48,,,0,0,,,0,0,,,0,0
02960,,,0,0,2000-01,2003-12,0,48,,,0,0,,,0,0,,,0,0
03060,,,0,0,2000-01,2003-12,0,48,,,0,0,,,0,0,,,0,0
03180,,,0,0,2000-01,2003-12,0,48,,,0,0,,,0,0,,,0,0
03200,,,0,0,2000-01,2003-12,0,48,,,0,0,,,0,0,,,0,0
03360,,,0,0,2000-01,2003-12,0,48,,,0,0,,,0,0,,,0,0
03640,,,0,0,2000-01,2003-12,0,48,,,0,0,,,0,0,,,0,0
03740,,,0,0,2000-01,2003-12,0,48,,,0,0,,,0,0,,,0,0
03800,,,0,0,2000-01,2003-12,0,48,,,0,0,,,0,0,,,0,0
04160,,,0,0,2000-01,2003-12,0,48,,,0,0,,,0,0,,,0,0
04480,,,0,0,2000-01,2003-12,0,48,,,0,0,,,0,0,,,0,0
04560,,,0,0,2000-01,2003-12,0,48,,,0,0,,,0,0,,,0,0
04760,,,0,0,2000-01,2003-12,0,48,,,0,0,,,0,0,,,0,0
05000,,,0,0,2000-01,2003-12,0,48,,,0,0,,,0,0,,,0,0
05015,,,0,0,2000-01,2003-12,0,48,,,0,0,,,0,0,,,0,0
05080,,,0,0,2000-01,2003-12,0,48,,,0,0,,,0,0,,,0,0
05190,,,0,0,2000-01,2003-12,0,48,,,0,0,,,0,0,,,0,0
05350,,,0,0,2000-01,2003-12,0,48,,,0,0,,,0,0,,,0,0
05380,,,0,0,2000-01,2003-12,0,48,,,0,0,,,0,0,,,0,0
05400,,,0,0,2000-01,2003-12,0,48,,,0,0,,,0,0,,,0,0
05480,,,0,0,2000-01,2003-12,0,48,,,0,0,,,0,0,,,0,0
05600,,,0,0,2000-01,2003-12,0,48,,,0,0,,,0,0,,,0,0
05640,,,0,0,2000-01,2003-12,0,48,,,0,0,,,0,0,,,0,0
05660,,,0,0,2000-01,2003-12,0,48,,,0,0,,,0,0,,,0,0
05775,,,0,0,2000-01,2003-12,0,48,,,0,0,,,0,0,,,0,0
05910,,,0,0,2000-01,2003-12,0,48,,,0,0,,,0,0,,,0,0
05945,,,0,0,2000-01,2003-12,0,48,,,0,0,,,0,0,,,0,0
06160,,,0,0,2000-01,2003-12,0,48,,,0,0,,,0,0,,,0,0
06440,,,0,0,2000-01,2003-12,0,48,,,0,0,,,0,0,,,0,0
06450,,,0,0,2000-01,2003-12,0,48,,,0,0,,,0,0,,,0,0
06600,,,0,0,2000-01,2003-12,0,48,,,0,0,,,0,0,,,0,0
06780,,,0,0,2000-01,2003-12,0,48,,,0,0,,,0,0,,,0,0
06920,,,0,0,2000-01,2003-12,0,48,,,0,0,,,0,0,,,0,0
07080,,,0,0,2000-01,2003-12,0,48,,,0,0,,,0,0,,,0,0
07360,,,0,0,2000-01,2003-12,0,48,,,0,0,,,0,0,,,0,0
07400,,,0,0,2000-01,2003-12,0,48,,,0,0,,,0,0,,,0,0
07485,,,0,0,2000-01,2003-12,0,48,,,0,0,,,0,0,,,0,0
07500,,,0,0,2000-01,2003-12,0,48,,,0,0,,,0,0,,,0,0
07600,,,0,0,2000-01,2003-12,0,48,,,0,0,,,0,0,,,0,0
08040,,,0,0,2000-01,2003-12,0,48,,,0,0,,,0,0,,,0,0
08200,,,0,0,2000-01,2003-12,0,48,,,0,0,,,0,0,,,0,0
08480,,,0,0,2000-01,2003-12,0,48,,,0,0,,,0,0,,,0,0
08720,,,0,0,2000-01,2003-12,0,48,,,0,0,,,0,0,,,0,0
08735,,,0,0,2000-01,2003-12,0,48,,,0,0,,,0,0,,,0,0
08760,,,0,0,2000-01,2003-12,0,48,,,0,0,,,0,0,,,0,0
08840,,,0,0,2000-01,2003-12,0,48,,,0,0,,,0,0,,,0,0
08880,,,0,0,2000-01,2003-12,0,48,,,0,0,,,0,0,,,0,0
09160,,,0,0,2000-01,2003-12,0,48,,,0,0,,,0,0,,,0,0
09240,,,0,0,2000-01,2003-12,0,48,,,0,0,,,0,0,,,0,0
09270,,,0,0,2000-01,2003-12,0,48,,,0,0,,,0,0,,,0,0
09999,,,0,0,2000-01,2003-12,0,48,,,0,0,,,0,0,,,0,0
10180,2009-01,2026-06,0,210,2004-01,2026-06,0,270,2004-01,2026-06,0,270,,,0,0,,,0,0
10420,2000-01,2026-06,0,318,2004-01,2026-06,0,270,2004-01,2026-06,0,270,,,0,0,,,0,0
10500,2000-01,2026-06,1,257,2004-01,2026-06,0,270,2004-01,2026-06,0,270,,,0,0,,,0,0
10540,2008-01,2026-06,0,222,2014-01,2026-06,0,150,2014-01,2026-06,0,150,,,0,0,,,0,0
10580,,,0,0,2004-01,2026-06,0,270,2004-01,2026-06,0,270,,,0,0,,,0,0
10740,2002-06,2026-06,0,289,2004-01,2026-06,0,270,2004-01,2026-06,0,270,,,0,0,,,0,0
10780,2000-01,2026-06,5,169,2004-01,2026-06,0,270,2004-01,2026-06,0,270,,,0,0,,,0,0
10900,,,0,0,2004-01,2026-06,0,270,2004-01,2026-06,0,270,,,0,0,,,0,0
11020,2000-01,2026-06,0,318,2004-01,2026-06,0,270,2004-01,2026-06,0,270,,,0,0,,,0,0
11100,2009-01,2026-06,0,210,2004-01,2026-06,0,270,2004-01,2026-06,0,270,,,0,0,,,0,0
11180,2009-03,2026-06,0,208,2004-01,2026-06,0,270,2004-01,2026-06,0,270,,,0,0,,,0,0
11200,,,0,0,2024-01,2026-06,0,30,,,0,0,,,0,0,,,0,0
11260,2000-01,2026-06,2,229,2004-01,2026-06,0,270,2004-01,2026-06,0,270,,,0,0,,,0,0
11300,,,0,0,2004-01,2013-12,0,120,2004-01,2013-12,0,120,,,0,0,,,0,0
11340,,,0,0,2004-01,2013-12,0,120,2004-01,2013-12,0,120,,,0,0,,,0,0
11460,2000-01,2026-06,0,318,2004-01,2026-06,0,270,2004-01,2026-06,0,270,,,0,0,,,0,0
11500,,,0,0,2004-01,2026-06,0,270,2004-01,2026-06,0,270,,,0,0,,,0,0
11540,2005-05,2026-06,0,254,2004-01,2026-06,0,270,2004-01,2026-06,0,270,,,0,0,,,0,0
11700,2000-01,2026-06,0,318,2004-01,2026-06,0,270,2004-01,2026-06,0,270,,,0,0,,,0,0
12020,,,0,0,2004-01,2026-06,0,270,2004-01,2026-06,0,270,,,0,0,,,0,0
12060,,,0,0,2004-01,2026-06,0,270,2004-01,2026-06,0,270,,,0,0,,,0,0
12100,,,0,0,2004-01,2026-06,0,270,2004-01,2026-06,0,270,,,0,0,,,0,0
12220,,,0,0,2004-01,2026-06,0,270,2004-01,2026-06,0,270,,,0,0,,,0,0
12260,,,0,0,2004-01,2026-06,0,270,2004-01,2026-06,0,270,,,0,0,,,0,0
12420,,,0,0,2004-01,2026-06,0,270,2004-01,2026-06,0,270,,,0,0,,,0,0
12540,,,0,0,2004-01,2026-06,0,270,2004-01,2026-06,0,270,,,0,0,,,0,0
12580,,,0,0,2004-01,2026-06,0,270,2004-01,2026-06,0,270,,,0,0,,,0,0
12620,2000-01,2026-06,0,318,2004-01,2026-06,0,270,2004-01,2026-06,0,270,,,0,0,,,0,0
12700,2000-01,2026-06,0,318,2004-01,2026-06,0,270,2004-01,2026-06,0,270,,,0,0,,,0,0
12940,2002-04,2026-06,0,291,2004-01,2026-06,0,270,2004-01,2026-06,0,270,,,0,0,,,0,0
12980,2000-01,2026-06,0,318,2004-01,2026-06,0,270,2004-01,2026-06,0,270,,,0,0,,,0,0
13020,2000-01,2026-06,0,318,2004-01,2026-06,0,270,2004-01,2026-06,0,270,,,0,0,,,0,0
13140,,,0,0,2004-01,2026-06,0,270,2004-01,2026-06,0,270,,,0,0,,,0,0
13220,2000-01,2026-06,3,211,2014-01,2026-06,0,150,2014-01,2026-06,0,150,,,0,0,,,0,0
13380,2000-12,2026-06,0,307,2004-01,2026-06,0,270,2004-01,2026-06,0,270,,,0,0,,,0,0
13460,2000-01,2026-06,3,266,2004-01,2026-06,0,270,2004-01,2026-06,0,270,,,0,0,,,0,0
13740,2009-01,2026-06,0,210,2004-01,2026-06,0,270,2004-01,2026-06,0,270,,,0,0,,,0,0
13780,2000-01,2026-06,0,318,2004-01,2026-06,0,270,2004-01,2026-06,0,270,,,0,0,,,0,0
13820,2000-01,2026-06,0,318,2004-01,2026-06,0,270,2004-01,2026-06,0,270,,,0,0,,,0,0
13900,2009-01,2026-06,0,210,2004-01,2026-06,0,270,2004-01,2026-06,0,270,,,0,0,,,0,0
13980,,,0,0,2004-01,2026-06,120,138,2015-01,2026-06,0,138,,,0,0,,,0,0
14010,2000-01,2026-06,0,318,2014-01,2026-06,0,150,2014-01,2026-06,0,150,,,0,0,,,0,0
14020,2003-08,2026-06,0,275,2004-01,2026-06,0,270,2004-01,2026-06,0,270,,,0,0,,,0,0
14060,,,0,0,2004-01,2013-12,0,120,2004-01,2013-12,0,120,,,0,0,,,0,0
14100,,,0,0,2014-01,2023-12,0,120,2014-01,2023-12,0,120,,,0,0,,,0,0
14260,2001-01,2026-06,3,250,2004-01,2026-06,0,270,2004-01,2026-06,0,270,,,0,0,,,0,0
14460,,,0,0,2004-01,2026-06,0,270,2004-01,2026-06,0,270,,,0,0,,,0,0
14500,2000-01,2026-06,0,318,2004-01,2026-06,0,270,2004-01,2026-06,0,270,,,0,0,,,0,0
14540,2000-01,2026-06,0,318,2004-01,2026-06,0,270,2004-01,2026-06,0,270,,,0,0,,,0,0
14580,2009-01,2026-06,0,210,2024-01,2026-06,0,30,,,0,0,,,0,0,,,0,0
14600,,,0,0,2007-12,2009-12,0,25,,,0,0,,,0,0,,,0,0
14740,,,0,0,2004-01,2026-06,0,270,2004-01,2026-06,0,270,,,0,0,,,0,0
14860,,,0,0,2004-01,2026-06,0,270,2004-01,2026-06,0,270,,,0,0,,,0,0
15180,,,0,0,2004-01,2026-06,0,270,2004-01,2026-06,0,270,,,0,0,,,0,0
15260,,,0,0,2004-01,2026-06,0,270,2004-01,2026-06,0,270,,,0,0,,,0,0
15380,,,0,0,2004-01,2026-06,0,270,2004-01,2026-06,0,270,,,0,0,,,0,0
15500,2016-02,2026-06,0,125,2004-01,2026-06,0,270,2004-01,2026-06,0,270,,,0,0,,,0,0
15540,,,0,0,2004-01,2026-06,0,270,2004-01,2026-06,0,270,,,0,0,,,0,0
15680,,,0,0,2014-01,2023-12,0,120,2014-01,2023-12,0,120,,,0,0,,,0,0
15940,,,0,0,2004-01,2026-06,0,270,2004-01,2026-06,0,270,,,0,0,,,0,0
15980,,,0,0,2004-01,2026-06,0,270,2004-01,2026-06,0,270,,,0,0,,,0,0
16020,,,0,0,2009-01,2026-06,0,210,2009-01,2026-06,0,210,,,0,0,,,0,0
16060,,,0,0,2014-01,2023-12,84,24,,,0,0,,,0,0,,,0,0
16180,2000-01,2026-06,0,318,2004-01,2026-06,0,270,2004-01,2026-06,0,270,,,0,0,,,0,0
16220,2010-09,2026-06,0,190,2004-01,2026-06,0,270,2004-01,2026-06,0,270,,,0,0,,,0,0
16300,2000-01,2026-06,0,318,2004-01,2026-06,0,270,2004-01,2026-06,0,270,,,0,0,,,0,0
16540,2001-05,2026-06,0,302,2014-01,2026-06,0,150,2014-01,2026-06,0,150,,,0,0,,,0,0
16580,,,0,0,2004-01,2026-06,0,270,2004-01,2026-06,0,270,,,0,0,,,0,0
16620,2000-01,2026-06,0,318,2004-01,2026-06,0,270,2004-01,2026-06,0,270,,,0,0,,,0,0
16700,,,0,0,2004-01,2026-06,0,270,2004-01,2026-06,0,270,,,0,0,,,0,0
16740,,,0,0,2004-01,2026-06,0,270,2004-01,2026-06,0,270,,,0,0,,,0,0
16820,2000-01,2026-06,2,238,2004-01,2026-06,0,270,2004-01,2026-06,0,270,,,0,0,,,0,0
16860,,,0,0,2004-01,2026-06,0,270,2004-01,2026-06,0,270,,,0,0,,,0,0
16940,2002-04,2026-06,1,216,2004-01,2026-06,0,270,2004-01,2026-06,0,270,,,0,0,,,0,0
16980,,,0,0,2004-01,2026-06,0,270,2004-01,2026-06,0,270,,,0,0,,,0,0
17020,2001-01,2026-06,0,306,2004-01,2026-06,0,270,2004-01,2026-06,0,270,,,0,0,,,0,0
17140,,,0,0,2004-01,2026-06,0,270,2004-01,2026-06,0,270,,,0,0,,,0,0
17300,,,0,0,2004-01,2026-06,0,270,2004-01,2026-06,0,270,,,0,0,,,0,0
17410,2000-01,2026-06,0,318,2024-01,2026-06,0,30,,,0,0,,,0,0,,,0,0
17420,2000-01,2026-06,0,318,2004-01,2026-06,0,270,2004-01,2026-06,0,270,,,0,0,,,0,0
17460,,,0,0,2004-01,2023-12,0,240,2004-01,2023-12,0,240,,,0,0,,,0,0
17660,2007-07,2026-06,0,228,2004-01,2026-06,0,270,2004-01,2026-06,0,270,,,0,0,,,0,0
17780,,,0,0,2004-01,2026-06,0,270,2004-01,2026-06,0,270,,,0,0,,,0,0
17820,2000-01,2026-06,0,318,2004-01,2026-06,0,270,2004-01,2026-06,0,270,,,0,0,,,0,0
17860,2005-08,2026-06,0,251,2004-01,2026-06,0,270,2004-01,2026-06,0,270,,,0,0,,,0,0
17900,2000-01,2026-06,1,211,2004-01,2026-06,0,270,2004-01,2026-06,0,270,,,0,0,,,0,0
17980,,,0,0,2004-01,2026-06,0,270,2004-01,2026-06,0,270,,,0,0,,,0,0
18020,2001-06,2026-06,1,252,2004-01,2026-06,0,270,2004-01,2026-06,0,270,,,0,0,,,0,0
18140,2000-01,2026-06,0,318,2004-01,2026-06,0,270,2004-01,2026-06,0,270,,,0,0,,,0,0
18580,2004-11,2026-06,0,260,2004-01,2026-06,0,270,2004-01,2026-06,0,270,,,0,0,,,0,0
18700,2000-01,2026-06,1,199,2004-01,2026-06,0,270,2004-01,2026-06,0,270,,,0,0,,,0,0
18880,,,0,0,2010-01,2026-06,0,198,2010-01,2026-06,0,198,,,0,0,,,0,0
19060,,,0,0,2004-01,2023-12,0,240,2004-01,2023-12,0,240,,,0,0,,,0,0
19100,,,0,0,2004-01,2026-06,0,270,2004-01,2026-06,0,270,,,0,0,,,0,0
19140,2000-01,2026-06,1,276,2004-01,2026-06,84,132,2004-01,2014-12,0,132,,,0,0,,,0,0
19180,,,0,0,2004-01,2023-12,0,240,2004-01,2023-12,0,240,,,0,0,,,0,0
19260,,,0,0,2004-01,2013-12,0,120,2004-01,2013-12,0,120,,,0,0,,,0,0
19300,,,0,0,2014-01,2026-06,0,150,2014-01,2026-06,0,150,,,0,0,,,0,0
19340,,,0,0,2004-01,2026-06,0,270,2004-01,2026-06,0,270,,,0,0,,,0,0
19380,,,0,0,2004-01,2018-12,0,180,2004-01,2018-12,0,180,,,0,0,,,0,0
19430,,,0,0,2019-01,2026-06,0,90,2019-01,2026-06,0,90,,,0,0,,,0,0
19460,2006-08,2026-06,0,239,2004-01,2026-06,0,270,2004-01,2026-06,0,270,,,0,0,,,0,0
19500,2000-01,2026-06,3,198,2004-01,2026-06,0,270,2004-01,2026-06,0,270,,,0,0,,,0,0
19660,,,0,0,2004-01,2026-06,0,270,2004-01,2026-06,0,270,,,0,0,,,0,0
19740,,,0,0,2004-01,2026-06,0,270,2004-01,2026-06,0,270,,,0,0,,,0,0
19780,,,0,0,2004-01,2026-06,0,270,2004-01,2026-06,0,270,,,0,0,,,0,0
19820,,,0,0,2004-01,2026-06,0,270,2004-01,2026-06,0,270,,,0,0,,,0,0
20020,2001-12,2026-06,0,295,2004-01,2026-06,0,270,2004-01,2026-06,0,270,,,0,0,,,0,0
20100,2009-07,2026-06,0,204,2004-01,2026-06,0,270,2004-01,2026-06,0,270,,,0,0,,,0,0
20220,2009-02,2026-06,0,209,2004-01,2026-06,0,270,2004-01,2026-06,0,270,,,0,0,,,0,0
20260,,,0,0,2004-01,2026-06,0,270,2004-01,2026-06,0,270,,,0,0,,,0,0
20500,,,0,0,2004-01,2026-06,0,270,2004-01,2026-06,0,270,,,0,0,,,0,0
20580,2009-02,2026-06,0,209,2024-01,2026-06,0,30,,,0,0,,,0,0,,,0,0
20700,,,0,0,2014-01,2023-12,0,120,2014-01,2023-12,0,120,,,0,0,,,0,0
20740,2009-01,2026-06,0,210,2004-01,2026-06,0,270,2004-01,2026-06,0,270,,,0,0,,,0,0
20940,2001-01,2026-06,1,173,2004-01,2026-06,0,270,2004-01,2026-06,0,270,,,0,0,,,0,0
21060,2000-01,2026-06,2,197,2004-01,2026-06,0,270,2004-01,2026-06,0,270,,,0,0,,,0,0
21140,,,0,0,2004-01,2026-06,0,270,2004-01,2026-06,0,270,,,0,0,,,0,0
21300,2000-01,2026-06,3,281,2004-01,2026-06,0,270,2004-01,2026-06,0,270,,,0,0,,,0,0
21340,2000-01,2026-06,0,318,2004-01,2026-06,0,270,2004-01,2026-06,0,270,,,0,0,,,0,0
21420,2000-01,2026-06,7,217,2016-01,2026-06,0,126,2016-01,2026-06,0,126,,,0,0,,,0,0
21500,2000-01,2026-06,0,318,2004-01,2026-06,0,270,2004-01,2026-06,0,270,,,0,0,,,0,0
21660,,,0,0,2004-01,2026-06,0,270,2004-01,2026-06,0,270,,,0,0,,,0,0
21780,2000-01,2026-06,0,318,2004-01,2026-06,0,270,2004-01,2026-06,0,270,,,0,0,,,0,0
21820,,,0,0,2004-01,2026-06,0,270,2004-01,2026-06,0,270,,,0,0,,,0,0
22020,,,0,0,2004-01,2026-06,0,270,2004-01,2026-06,0,270,,,0,0,,,0,0
22140,2009-11,2026-06,0,200,2004-01,2026-06,0,270,2004-01,2026-06,0,270,,,0,0,,,0,0
22180,2000-01,2026-06,0,318,2004-01,2026-06,0,270,2004-01,2026-06,0,270,,,0,0,,,0,0
22220,,,0,0,2004-01,2026-06,0,270,2004-01,2026-06,0,270,,,0,0,,,0,0
22380,2000-01,2026-06,0,318,2004-01,2026-06,0,270,2004-01,2026-06,0,270,,,0,0,,,0,0
22420,2000-01,2026-06,1,218,2004-01,2026-06,0,270,2004-01,2026-06,0,270,,,0,0,,,0,0
22500,2005-09,2026-06,0,250,2004-01,2026-06,0,270,2004-01,2026-06,0,270,,,0,0,,,0,0
22520,,,0,0,2004-01,2026-06,0,270,2004-01,2026-06,0,270,,,0,0,,,0,0
22540,2008-11,2026-06,0,212,2004-01,2026-06,0,270,2004-01,2026-06,0,270,,,0,0,,,0,0
22660,,,0,0,2004-01,2026-06,0,270,2004-01,2026-06,0,270,,,0,0,,,0,0
22900,,,0,0,2004-01,2026-06,0,270,2004-01,2026-06,0,270,,,0,0,,,0,0
23020,,,0,0,2004-01,2009-12,0,72,,,0,0,,,0,0,,,0,0
23060,2003-08,2026-06,0,275,2004-01,2026-06,0,270,2004-01,2026-06,0,270,,,0,0,,,0,0
23420,2000-01,2026-06,0,318,2004-01,2026-06,0,270,2004-01,2026-06,0,270,,,0,0,,,0,0
23460,2002-05,2026-06,0,290,2004-01,2026-06,0,270,2004-01,2026-06,0,270,,,0,0,,,0,0
23540,2000-01,2026-06,0,318,2004-01,2026-06,0,270,2004-01,2026-06,0,270,,,0,0,,,0,0
23580,2000-01,2026-06,0,318,2004-01,2026-06,0,270,2004-01,2026-06,0,270,,,0,0,,,0,0
23900,2000-01,2026-06,2,249,2014-01,2026-06,0,150,2014-01,2026-06,0,150,,,0,0,,,0,0
24020,2000-01,2026-06,1,261,2004-01,2026-06,0,270,2004-01,2026-06,0,270,,,0,0,,,0,0
24140,2000-01,2026-06,0,318,2004-01,2026-06,84,132,2004-01,2014-12,0,132,,,0,0,,,0,0
24220,,,0,0,2004-01,2026-06,0,270,2004-01,2026-06,0,270,,,0,0,,,0,0
24260,2004-05,2026-06,0,266,2014-01,2026-06,0,150,2014-01,2026-06,0,150,,,0,0,,,0,0
24300,2000-01,2026-06,0,318,2004-01,2026-06,0,270,2004-01,2026-06,0,270,,,0,0,,,0,0
24340,,,0,0,2004-01,2026-06,0,270,2004-01,2026-06,0,270,,,0,0,,,0,0
24420,2000-01,2026-06,1,220,2014-01,2026-06,84,54,,,0,0,,,0,0,,,0,0
24500,2007-06,2026-06,1,191,2004-01,2026-06,0,270,2004-01,2026-06,0,270,,,0,0,,,0,0
24540,2000-01,2026-06,0,318,2004-01,2026-06,0,270,2004-01,2026-06,0,270,,,0,0,,,0,0
24580,2001-10,2026-06,1,220,2004-01,2026-06,0,270,2004-01,2026-06,0,270,,,0,0,,,0,0
24660,,,0,0,2004-01,2026-06,0,270,2004-01,2026-06,0,270,,,0,0,,,0,0
24780,2008-02,2026-06,0,221,2004-01,2026-06,0,270,2004-01,2026-06,0,270,,,0,0,,,0,0
24860,,,0,0,2004-01,2026-06,0,270,2004-01,2026-06,0,270,,,0,0,,,0,0
25060,,,0,0,2004-01,2026-06,0,270,2004-01,2026-06,0,270,,,0,0,,,0,0
25180,,,0,0,2004-01,2026-06,0,270,2004-01,2026-06,0,270,,,0,0,,,0,0
25220,2007-08,2026-06,0,227,2014-01,2026-06,0,150,2014-01,2026-06,0,150,,,0,0,,,0,0
25260,,,0,0,2004-01,2026-06,84,132,2004-01,2014-12,0,132,,,0,0,,,0,0
25420,,,0,0,2004-01,2026-06,0,270,2004-01,2026-06,0,270,,,0,0,,,0,0
25500,2009-09,2026-06,0,202,2004-01,2026-06,0,270,2004-01,2026-06,0,270,,,0,0,,,0,0
25540,,,0,0,2004-01,2026-06,0,270,2004-01,2026-06,0,270,,,0,0,,,0,0
25620,2012-01,2026-06,0,174,2004-01,2026-06,0,270,2004-01,2026-06,0,270,,,0,0,,,0,0
25740,2009-02,2026-06,0,209,2024-01,2026-06,0,30,,,0,0,,,0,0,,,0,0
25860,,,0,0,2004-01,2026-06,0,270,2004-01,2026-06,0,270,,,0,0,,,0,0
25940,,,0,0,2014-01,2026-06,0,150,2014-01,2026-06,0,150,,,0,0,,,0,0
25980,2000-01,2026-06,4,239,2004-01,2026-06,0,270,2004-01,2026-06,0,270,,,0,0,,,0,0
26100,,,0,0,2004-01,2013-12,0,120,2004-01,2013-12,0,120,,,0,0,,,0,0
26140,2000-01,2026-06,0,318,2014-01,2026-06,0,150,2014-01,2026-06,0,150,,,0,0,,,0,0
26180,,,0,0,2004-01,2013-12,0,120,2004-01,2013-12,0,120,,,0,0,,,0,0
26300,2000-01,2026-06,0,318,2004-01,2026-06,0,270,2004-01,2026-06,0,270,,,0,0,,,0,0
26380,,,0,0,2004-01,2026-06,0,270,2004-01,2026-06,0,270,,,0,0,,,0,0
26420,,,0,0,2004-01,2026-06,0,270,2004-01,2026-06,0,270,,,0,0,,,0,0
26580,,,0,0,2004-01,2026-06,0,270,2004-01,2026-06,0,270,,,0,0,,,0,0
26620,2000-08,2026-06,5,252,2004-01,2026-06,0,270,2004-01,2026-06,0,270,,,0,0,,,0,0
26820,2000-01,2026-06,0,318,2004-01,2026-06,0,270,2004-01,2026-06,0,270,,,0,0,,,0,0
26900,,,0,0,2004-01,2026-06,0,270,2004-01,2026-06,0,270,,,0,0,,,0,0
26980,2009-01,2026-06,0,210,2004-01,2026-06,0,270,2004-01,2026-06,0,270,,,0,0,,,0,0
27060,2000-01,2026-06,0,318,2004-01,2026-06,0,270,2004-01,2026-06,0,270,,,0,0,,,0,0
27100,2003-01,2026-06,1,217,2004-01,2026-06,0,270,2004-01,2026-06,0,270,,,0,0,,,0,0
27140,2003-04,2026-06,0,279,2004-01,2026-06,0,270,2004-01,2026-06,0,270,,,0,0,,,0,0
27180,2000-01,2026-06,0,318,2004-01,2026-06,0,270,2004-01,2026-06,0,270,,,0,0,,,0,0
27260,2000-01,2026-06,0,318,2004-01,2026-06,0,270,2004-01,2026-06,0,270,,,0,0,,,0,0
27340,2005-08,2026-06,0,251,2004-01,2026-06,0,270,2004-01,2026-06,0,270,,,0,0,,,0,0
27500,,,0,0,2004-01,2026-06,0,270,2004-01,2026-06,0,270,,,0,0,,,0,0
27620,2008-04,2026-06,0,219,2004-01,2026-06,84,132,2004-01,2014-12,0,132,,,0,0,,,0,0
27740,2000-01,2026-06,0,318,2004-01,2026-06,0,270,2004-01,2026-06,0,270,,,0,0,,,0,0
27780,2004-12,2026-06,0,259,2004-01,2026-06,0,270,2004-01,2026-06,0,270,,,0,0,,,0,0
27860,2000-01,2026-06,0,318,2004-01,2026-06,0,270,2004-01,2026-06,0,270,,,0,0,,,0,0
27900,,,0,0,2004-01,2026-06,0,270,2004-01,2026-06,0,270,,,0,0,,,0,0
27980,,,0,0,2014-01,2026-06,0,150,2014-01,2026-06,0,150,,,0,0,,,0,0
28020,,,0,0,2004-01,2026-06,0,270,2004-01,2026-06,0,270,,,0,0,,,0,0
28100,2009-01,2026-06,3,166,2004-01,2026-06,0,270,2004-01,2026-06,0,270,,,0,0,,,0,0
28140,,,0,0,2004-01,2026-06,0,270,2004-01,2026-06,0,270,,,0,0,,,0,0
28420,,,0,0,2004-01,2026-06,0,270,2004-01,2026-06,0,270,,,0,0,,,0,0
28450,,,0,0,2024-01,2026-06,0,30,,,0,0,,,0,0,,,0,0
28660,,,0,0,2004-01,2026-06,0,270,2004-01,2026-06,0,270,,,0,0,,,0,0
28700,,,0,0,2004-01,2026-06,0,270,2004-01,2026-06,0,270,,,0,0,,,0,0
28740,2000-01,2026-06,0,318,2004-01,2026-06,0,270,2004-01,2026-06,0,270,,,0,0,,,0,0
28880,,,0,0,2024-01,2026-06,0,30,,,0,0,,,0,0,,,0,0
28940,2000-01,2026-06,0,318,2004-01,2026-06,0,270,2004-01,2026-06,0,270,,,0,0,,,0,0
29020,2009-01,2026-06,0,210,2004-01,2026-06,0,270,2004-01,2026-06,0,270,,,0,0,,,0,0
29100,,,0,0,2004-01,2026-06,0,270,2004-01,2026-06,0,270,,,0,0,,,0,0
29140,,,0,0,2004-01,2013-12,0,120,2004-01,2013-12,0,120,,,0,0,,,0,0
29180,2003-09,2026-06,0,274,2004-01,2026-06,0,270,2004-01,2026-06,0,270,,,0,0,,,0,0
29200,,,0,0,2014-01,2026-06,0,150,2014-01,2026-06,0,150,,,0,0,,,0,0
29340,2016-02,2026-06,0,125,2004-01,2026-06,0,270,2004-01,2026-06,0,270,,,0,0,,,0,0
29420,,,0,0,2007-01,2026-06,0,234,2007-01,2026-06,0,234,,,0,0,,,0,0
29460,,,0,0,2004-01,2026-06,0,270,2004-01,2026-06,0,270,,,0,0,,,0,0
29540,2002-08,2026-06,0,287,2004-01,2026-06,0,270,2004-01,2026-06,0,270,,,0,0,,,0,0
29620,,,0,0,2004-01,2026-06,0,270,2004-01,2026-06,0,270,,,0,0,,,0,0
29700,2009-01,2026-06,0,210,2004-01,2026-06,0,270,2004-01,2026-06,0,270,,,0,0,,,0,0
29740,2002-04,2026-06,0,291,2004-01,2026-06,0,270,2004-01,2026-06,0,270,,,0,0,,,0,0
29820,,,0,0,2004-01,2026-06,0,270,2004-01,2026-06,0,270,,,0,0,,,0,0
29940,2004-08,2026-06,0,263,2004-01,2026-06,0,270,2004-01,2026-06,0,270,,,0,0,,,0,0
30020,2000-01,2026-06,5,217,2004-01,2026-06,0,270,2004-01,2026-06,0,270,,,0,0,,,0,0
30140,2005-04,2026-06,1,147,2004-01,2026-06,0,270,2004-01,2026-06,0,270,,,0,0,,,0,0
30300,,,0,0,2004-01,2026-06,0,270,2004-01,2026-06,0,270,,,0,0,,,0,0
30340,,,0,0,2004-01,2026-06,0,270,2004-01,2026-06,0,270,,,0,0,,,0,0
30460,,,0,0,2004-01,2026-06,0,270,,,0,0,,,0,0,,,0,0
30500,,,0,0,2024-01,2026-06,0,30,,,0,0,,,0,0,,,0,0
30620,2000-01,2026-06,2,260,2004-01,2026-06,0,270,2004-01,2026-06,0,270,,,0,0,,,0,0
30700,2000-01,2026-06,0,318,2004-01,2026-06,0,270,2004-01,2026-06,0,270,,,0,0,,,0,0
30780,,,0,0,2004-01,2026-06,0,270,2004-01,2026-06,0,270,,,0,0,,,0,0
30860,,,0,0,2004-01,2026-06,0,270,2004-01,2026-06,0,270,,,0,0,,,0,0
30980,2000-01,2026-06,1,249,2004-01,2026-06,0,270,2004-01,2026-06,0,270,,,0,0,,,0,0
31020,,,0,0,2004-01,2026-06,0,270,2004-01,2026-06,0,270,,,0,0,,,0,0
31080,,,0,0,2014-01,2026-06,0,150,2014-01,2026-06,0,150,,,0,0,,,0,0
31100,,,0,0,2004-01,2013-12,0,120,2004-01,2013-12,0,120,,,0,0,,,0,0
31140,,,0,0,2004-01,2026-06,0,270,2004-01,2026-06,0,270,,,0,0,,,0,0
31180,2000-01,2026-06,2,236,2004-01,2026-06,0,270,2004-01,2026-06,0,270,,,0,0,,,0,0
31340,2000-01,2026-06,0,318,2004-01,2026-06,0,270,2004-01,2026-06,0,270,,,0,0,,,0,0
31420,,,0,0,2004-01,2026-06,0,270,2004-01,2026-06,0,270,,,0,0,,,0,0
31460,,,0,0,2004-01,2023-12,0,240,2004-01,2023-12,0,240,,,0,0,,,0,0
31540,2000-01,2026-06,0,318,2004-01,2026-06,0,270,2004-01,2026-06,0,270,,,0,0,,,0,0
31700,,,0,0,2004-01,2026-06,0,270,2004-01,2026-06,0,270,,,0,0,,,0,0
31740,2008-12,2026-06,0,211,2009-01,2026-06,0,210,2009-01,2026-06,0,210,,,0,0,,,0,0
31860,2003-07,2026-06,0,276,2009-01,2026-06,0,210,2009-01,2026-06,0,210,,,0,0,,,0,0
31900,2000-01,2026-06,4,220,2004-01,2026-06,84,132,2004-01,2014-12,0,132,,,0,0,,,0,0
32580,,,0,0,2004-01,2026-06,0,270,2004-01,2026-06,0,270,,,0,0,,,0,0
32780,2000-01,2026-06,0,318,2004-01,2026-06,0,270,2004-01,2026-06,0,270,,,0,0,,,0,0
32820,,,0,0,2004-01,2026-06,0,270,2004-01,2026-06,0,270,,,0,0,,,0,0
32900,2001-01,2026-06,1,263,2004-01,2026-06,0,270,2004-01,2026-06,0,270,,,0,0,,,0,0
33100,,,0,0,2004-01,2026-06,0,270,2004-01,2026-06,0,270,,,0,0,,,0,0
33140,,,0,0,2004-01,2026-06,0,270,2004-01,2026-06,0,270,,,0,0,,,0,0
33220,2000-01,2026-06,0,318,2014-01,2026-06,0,150,2014-01,2026-06,0,150,,,0,0,,,0,0
33260,2009-01,2026-06,0,210,2004-01,2026-06,0,270,2004-01,2026-06,0,270,,,0,0,,,0,0
33340,,,0,0,2004-01,2026-06,0,270,2004-01,2026-06,0,270,,,0,0,,,0,0
33460,,,0,0,2004-01,2026-06,0,270,2004-01,2026-06,0,270,,,0,0,,,0,0
33500,2009-03,2026-06,0,208,2024-01,2026-06,0,30,,,0,0,,,0,0,,,0,0
33540,2005-02,2026-06,0,257,2004-01,2026-06,0,270,2004-01,2026-06,0,270,,,0,0,,,0,0
33660,2000-01,2026-06,0,318,2004-01,2026-06,0,270,2004-01,2026-06,0,270,,,0,0,,,0,0
33700,2000-01,2026-06,0,318,2004-01,2026-06,0,270,2004-01,2026-06,0,270,,,0,0,,,0,0
33740,2000-01,2026-06,2,182,2004-01,2026-06,0,270,2004-01,2026-06,0,270,,,0,0,,,0,0
33780,2000-01,2026-06,0,318,2004-01,2026-06,0,270,2004-01,2026-06,0,270,,,0,0,,,0,0
33860,2000-01,2026-06,0,318,2004-01,2026-06,0,270,2004-01,2026-06,0,270,,,0,0,,,0,0
34060,2000-01,2026-06,3,223,2004-01,2026-06,0,270,2004-01,2026-06,0,270,,,0,0,,,0,0
34100,2000-01,2026-06,3,207,2004-01,2026-06,84,132,2004-01,2014-12,0,132,,,0,0,,,0,0
34580,,,0,0,2004-01,2026-06,0,270,2004-01,2026-06,0,270,,,0,0,,,0,0
34620,2009-02,2026-06,0,209,2004-01,2026-06,0,270,2004-01,2026-06,0,270,,,0,0,,,0,0
34740,,,0,0,2004-01,2026-06,0,270,2004-01,2026-06,0,270,,,0,0,,,0,0
34820,,,0,0,2004-01,2026-06,0,270,2004-01,2026-06,0,270,,,0,0,,,0,0
34900,2000-01,2026-06,0,318,2004-01,2026-06,84,132,2004-01,2014-12,0,132,,,0,0,,,0,0
34940,,,0,0,2004-01,2026-06,0,270,2004-01,2026-06,0,270,,,0,0,,,0,0
34980,,,0,0,2004-01,2026-06,0,270,2004-01,2026-06,0,270,,,0,0,,,0,0
35100,,,0,0,2014-01,2023-12,84,24,,,0,0,,,0,0,,,0,0
35300,2000-01,2026-06,0,318,2004-01,2026-06,0,270,2004-01,2026-06,0,270,,,0,0,,,0,0
35380,,,0,0,2004-01,2026-06,0,270,2004-01,2026-06,0,270,,,0,0,,,0,0
35620,,,0,0,2004-01,2026-06,0,270,2004-01,2026-06,0,270,,,0,0,,,0,0
35660,2000-01,2026-06,0,318,2004-01,2026-06,0,270,2004-01,2026-06,0,270,,,0,0,,,0,0
35840,,,0,0,2010-01,2026-06,0,198,2010-01,2026-06,0,198,,,0,0,,,0,0
35980,,,0,0,2004-01,2026-06,0,270,2004-01,2026-06,0,270,,,0,0,,,0,0
36100,2004-01,2026-06,0,270,2004-01,2026-06,0,270,2004-01,2026-06,0,270,,,0,0,,,0,0
36140,,,0,0,2004-01,2023-12,0,240,2004-01,2023-12,0,240,,,0,0,,,0,0
36220,2009-01,2026-06,0,210,2004-01,2026-06,0,270,2004-01,2026-06,0,270,,,0,0,,,0,0
36260,2000-01,2026-06,0,318,2004-01,2026-06,0,270,2004-01,2026-06,0,270,,,0,0,,,0,0
36420,2000-01,2026-06,0,318,2004-01,2026-06,0,270,2004-01,2026-06,0,270,,,0,0,,,0,0
36500,,,0,0,2004-01,2026-06,0,270,2004-01,2026-06,0,270,,,0,0,,,0,0
36540,,,0,0,2004-01,2026-06,0,270,,,0,0,,,0,0,,,0,0
36740,,,0,0,2004-01,2026-06,0,270,2004-01,2026-06,0,270,,,0,0,,,0,0
36780,,,0,0,2004-01,2026-06,0,270,2004-01,2026-06,0,270,,,0,0,,,0,0
36980,2000-01,2026-06,2,183,2004-01,2026-06,0,270,2004-01,2026-06,0,270,,,0,0,,,0,0
37100,,,0,0,2004-01,2026-06,0,270,2004-01,2026-06,0,270,,,0,0,,,0,0
37140,,,0,0,2024-01,2026-06,0,30,,,0,0,,,0,0,,,0,0
37340,,,0,0,2004-01,2026-06,0,270,2004-01,2026-06,0,270,,,0,0,,,0,0
37380,,,0,0,2007-01,2013-12,0,84,2007-01,2013-12,0,84,,,0,0,,,0,0
37460,,,0,0,2004-01,2026-06,0,270,2004-01,2026-06,0,270,,,0,0,,,0,0
37620,,,0,0,2004-01,2026-06,0,270,2004-01,2026-06,0,270,,,0,0,,,0,0
37700,,,0,0,2004-01,2013-12,0,120,2004-01,2013-12,0,120,,,0,0,,,0,0
37860,,,0,0,2004-01,2026-06,0,270,2004-01,2026-06,0,270,,,0,0,,,0,0
37900,2002-04,2026-06,0,291,2004-01,2026-06,0,270,2004-01,2026-06,0,270,,,0,0,,,0,0
37980,,,0,0,2004-01,2026-06,0,270,2004-01,2026-06,0,270,,,0,0,,,0,0
38060,,,0,0,2004-01,2026-06,0,270,2004-01,2026-06,0,270,,,0,0,,,0,0
38220,,,0,0,2004-01,2023-12,0,240,2004-01,2023-12,0,240,,,0,0,,,0,0
38240,,,0,0,2024-01,2026-06,0,30,,,0,0,,,0,0,,,0,0
38300,2000-01,2026-06,0,318,2004-01,2026-06,0,270,2004-01,2026-06,0,270,,,0,0,,,0,0
38340,2000-01,2026-06,0,318,2004-01,2026-06,0,270,2004-01,2026-06,0,270,,,0,0,,,0,0
38540,2009-01,2026-06,0,210,2004-01,2026-06,0,270,2004-01,2026-06,0,270,,,0,0,,,0,0
38860,,,0,0,2004-01,2026-06,0,270,2004-01,2026-06,0,270,,,0,0,,,0,0
38900,,,0,0,2004-01,2026-06,0,270,2004-01,2026-06,0,270,,,0,0,,,0,0
38940,2000-01,2026-06,0,318,2004-01,2026-06,0,270,2004-01,2026-06,0,270,,,0,0,,,0,0
39100,,,0,0,2004-01,2023-12,60,120,2004-01,2013-12,0,120,,,0,0,,,0,0
39140,,,0,0,2004-01,2018-12,0,180,2004-01,2018-12,0,180,,,0,0,,,0,0
39150,,,0,0,2019-01,2026-06,0,90,2019-01,2026-06,0,90,,,0,0,,,0,0
39300,,,0,0,2004-01,2026-06,0,270,2004-01,2026-06,0,270,,,0,0,,,0,0
39340,,,0,0,2004-01,2026-06,0,270,2004-01,2026-06,0,270,,,0,0,,,0,0
39380,2000-01,2026-06,0,318,2004-01,2026-06,0,270,2004-01,2026-06,0,270,,,0,0,,,0,0
39460,2000-01,2026-06,0,318,2004-01,2026-06,0,270,2004-01,2026-06,0,270,,,0,0,,,0,0
39540,,,0,0,2004-01,2026-06,0,270,2004-01,2026-06,0,270,,,0,0,,,0,0
39580,,,0,0,2004-01,2026-06,0,270,2004-01,2026-06,0,270,,,0,0,,,0,0
39660,2008-06,2026-06,0,217,2004-01,2026-06,0,270,2004-01,2026-06,0,270,,,0,0,,,0,0
39740,2000-01,2026-06,0,318,2004-01,2026-06,0,270,2004-01,2026-06,0,270,,,0,0,,,0,0
39820,2000-01,2026-06,0,318,2004-01,2026-06,0,270,2004-01,2026-06,0,270,,,0,0,,,0,0
39900,2000-01,2026-06,0,318,2004-01,2026-06,0,270,2004-01,2026-06,0,270,,,0,0,,,0,0
40060,2000-01,2026-06,1,263,2004-01,2026-06,0,270,2004-01,2026-06,0,270,,,0,0,,,0,0
40140,,,0,0,2004-01,2026-06,0,270,2004-01,2026-06,0,270,,,0,0,,,0,0
40220,2004-11,2026-06,0,260,2004-01,2026-06,84,132,2004-01,2014-12,0,132,,,0,0,,,0,0
40340,2000-01,2026-06,0,318,2004-01,2026-06,0,270,2004-01,2026-06,0,270,,,0,0,,,0,0
40380,2000-01,2026-06,0,318,2004-01,2026-06,0,270,2004-01,2026-06,0,270,,,0,0,,,0,0
40420,2000-01,2026-06,0,318,2004-01,2026-06,0,270,2004-01,2026-06,0,270,,,0,0,,,0,0
40580,2000-01,2026-06,0,318,2004-01,2026-06,84,132,2004-01,2014-12,0,132,,,0,0,,,0,0
40660,2000-01,2026-06,2,258,2004-01,2026-06,0,270,2004-01,2026-06,0,270,,,0,0,,,0,0
40900,,,0,0,2004-01,2026-06,0,270,2004-01,2026-06,0,270,,,0,0,,,0,0
40980,2000-01,2026-06,0,318,2004-01,2026-06,0,270,2004-01,2026-06,0,270,,,0,0,,,0,0
41060,2005-06,2026-06,0,253,2004-01,2026-06,0,270,2004-01,2026-06,0,270,,,0,0,,,0,0
41100,2008-12,2026-06,0,211,2004-01,2026-06,0,270,2004-01,2026-06,0,270,,,0,0,,,0,0
41140,,,0,0,2004-01,2026-06,0,270,2004-01,2026-06,0,270,,,0,0,,,0,0
41180,,,0,0,2004-01,2026-06,0,270,2004-01,2026-06,0,270,,,0,0,,,0,0
41420,2000-01,2026-06,0,318,2004-01,2026-06,0,270,2004-01,2026-06,0,270,,,0,0,,,0,0
41500,2000-01,2026-06,0,318,2004-01,2026-06,0,270,2004-01,2026-06,0,270,,,0,0,,,0,0
41540,2000-01,2026-06,0,318,2004-01,2026-06,0,270,2004-01,2026-06,0,270,,,0,0,,,0,0
41620,,,0,0,2004-01,2026-06,0,270,2004-01,2026-06,0,270,,,0,0,,,0,0
41660,2014-09,2026-06,0,142,2004-01,2026-06,0,270,2004-01,2026-06,0,270,,,0,0,,,0,0
41700,,,0,0,2004-01,2026-06,0,270,2004-01,2026-06,0,270,,,0,0,,,0,0
41740,,,0,0,2004-01,2026-06,0,270,2004-01,2026-06,0,270,,,0,0,,,0,0
41780,2000-01,2026-06,1,215,2004-01,2026-06,120,120,2004-01,2013-12,0,120,,,0,0,,,0,0
41860,,,0,0,2004-01,2026-06,0,270,2004-01,2026-06,0,270,,,0,0,,,0,0
41940,,,0,0,2004-01,2026-06,0,270,2004-01,2026-06,0,270,,,0,0,,,0,0
42020,,,0,0,2004-01,2026-06,0,270,2004-01,2026-06,0,270,,,0,0,,,0,0
42060,,,0,0,2004-01,2013-12,0,120,2004-01,2013-12,0,120,,,0,0,,,0,0
42100,,,0,0,2004-01,2026-06,0,270,2004-01,2026-06,0,270,,,0,0,,,0,0
42140,2002-05,2026-06,0,290,2004-01,2026-06,0,270,2004-01,2026-06,0,270,,,0,0,,,0,0
42200,,,0,0,2014-01,2026-06,0,150,2014-01,2026-06,0,150,,,0,0,,,0,0
42220,,,0,0,2004-01,2026-06,0,270,2004-01,2026-06,0,270,,,0,0,,,0,0
42260,,,0,0,2004-01,2007-11,0,47,,,0,0,,,0,0,,,0,0
42340,2000-01,2026-06,0,318,2004-01,2026-06,0,270,2004-01,2026-06,0,270,,,0,0,,,0,0
42540,,,0,0,2004-01,2026-06,0,270,2004-01,2026-06,0,270,,,0,0,,,0,0
42660,,,0,0,2004-01,2026-06,0,270,2004-01,2026-06,0,270,,,0,0,,,0,0
42680,,,0,0,2006-01,2026-06,0,246,2006-01,2026-06,0,246,,,0,0,,,0,0
42700,2004-01,2026-06,0,270,2014-01,2026-06,84,54,,,0,0,,,0,0,,,0,0
43100,2008-03,2026-06,0,220,2004-01,2026-06,0,270,2004-01,2026-06,0,270,,,0,0,,,0,0
43300,,,0,0,2004-01,2026-06,84,132,2004-01,2014-12,0,132,,,0,0,,,0,0
43340,,,0,0,2004-01,2026-06,0,270,2004-01,2026-06,0,270,,,0,0,,,0,0
43420,,,0,0,2014-01,2026-06,0,150,2014-01,2026-06,0,150,,,0,0,,,0,0
43580,,,0,0,2004-01,2026-06,0,270,2004-01,2026-06,0,270,,,0,0,,,0,0
43620,,,0,0,2004-01,2026-06,0,270,2004-01,2026-06,0,270,,,0,0,,,0,0
43640,,,0,0,2024-01,2026-06,0,30,,,0,0,,,0,0,,,0,0
43780,,,0,0,2004-01,2026-06,0,270,2004-01,2026-06,0,270,,,0,0,,,0,0
43900,2003-03,2026-06,0,280,2004-01,2026-06,0,270,2004-01,2026-06,0,270,,,0,0,,,0,0
44060,,,0,0,2004-01,2026-06,0,270,2004-01,2026-06,0,270,,,0,0,,,0,0
44100,2006-07,2026-06,0,240,2004-01,2026-06,0,270,2004-01,2026-06,0,270,,,0,0,,,0,0
44140,2000-01,2026-06,0,318,2004-01,2026-06,0,270,2004-01,2026-06,0,270,,,0,0,,,0,0
44180,2007-08,2026-06,0,227,2004-01,2026-06,0,270,2004-01,2026-06,0,270,,,0,0,,,0,0
44220,2000-01,2026-06,0,318,2004-01,2026-06,0,270,2004-01,2026-06,0,270,,,0,0,,,0,0
44300,2005-07,2026-06,0,252,2004-01,2026-06,0,270,2004-01,2026-06,0,270,,,0,0,,,0,0
44420,,,0,0,2014-01,2026-06,0,150,2014-01,2026-06,0,150,,,0,0,,,0,0
44600,,,0,0,2010-01,2013-12,0,48,,,0,0,,,0,0,,,0,0
44700,,,0,0,2004-01,2026-06,0,270,2004-01,2026-06,0,270,,,0,0,,,0,0
44940,2008-07,2026-06,0,216,2004-01,2026-06,0,270,2004-01,2026-06,0,270,,,0,0,,,0,0
45060,2000-01,2026-06,0,318,2004-01,2026-06,0,270,2004-01,2026-06,0,270,,,0,0,,,0,0
45220,2000-01,2026-06,0,318,2004-01,2026-06,0,270,2004-01,2026-06,0,270,,,0,0,,,0,0
45300,,,0,0,2004-01,2026-06,0,270,2004-01,2026-06,0,270,,,0,0,,,0,0
45460,2009-01,2026-06,0,210,2004-01,2026-06,0,270,2004-01,2026-06,0,270,,,0,0,,,0,0
45500,,,0,0,2004-01,2026-06,0,270,2004-01,2026-06,0,270,,,0,0,,,0,0
45540,,,0,0,2014-01,2023-12,0,120,2014-01,2023-12,0,120,,,0,0,,,0,0
45780,2000-01,2026-06,0,318,2004-01,2026-06,0,270,2004-01,2026-06,0,270,,,0,0,,,0,0
45820,2000-01,2026-06,0,318,2004-01,2026-06,0,270,2004-01,2026-06,0,270,,,0,0,,,0,0
45900,2000-01,2026-06,0,318,2024-01,2026-06,0,30,,,0,0,,,0,0,,,0,0
45940,,,0,0,2004-01,2026-06,0,270,2004-01,2026-06,0,270,,,0,0,,,0,0
46060,2000-01,2026-06,1,253,2004-01,2026-06,0,270,2004-01,2026-06,0,270,,,0,0,,,0,0
46140,2000-01,2026-06,0,318,2004-01,2026-06,0,270,2004-01,2026-06,0,270,,,0,0,,,0,0
46220,2000-01,2026-06,0,318,2004-01,2026-06,0,270,2004-01,2026-06,0,270,,,0,0,,,0,0
46300,2005-05,2026-06,0,254,2018-01,2026-06,0,102,2018-01,2026-06,0,102,,,0,0,,,0,0
46340,2009-01,2026-06,0,210,2004-01,2026-06,0,270,2004-01,2026-06,0,270,,,0,0,,,0,0
46520,2000-01,2026-06,0,318,2014-01,2026-06,0,150,2014-01,2026-06,0,150,,,0,0,,,0,0
46540,,,0,0,2004-01,2026-06,0,270,2004-01,2026-06,0,270,,,0,0,,,0,0
46660,2000-01,2026-06,3,204,2004-01,2026-06,0,270,2004-01,2026-06,0,270,,,0,0,,,0,0
46700,2000-01,2026-06,0,318,2004-01,2026-06,0,270,2004-01,2026-06,0,270,,,0,0,,,0,0
46940,,,0,0,2004-01,2005-12,0,24,,,0,0,,,0,0,,,0,0
47020,2016-02,2026-06,0,125,2004-01,2026-06,84,132,2004-01,2014-12,0,132,,,0,0,,,0,0
47220,2000-01,2026-06,0,318,2004-01,2026-06,0,270,2004-01,2026-06,0,270,,,0,0,,,0,0
47260,,,0,0,2004-01,2026-06,0,270,2004-01,2026-06,0,270,,,0,0,,,0,0
47300,2000-01,2026-06,0,318,2004-01,2026-06,0,270,2004-01,2026-06,0,270,,,0,0,,,0,0
47380,2009-01,2026-06,0,210,2004-01,2026-06,0,270,2004-01,2026-06,0,270,,,0,0,,,0,0
47460,2000-01,2026-06,2,272,2014-01,2026-06,0,150,2014-01,2026-06,0,150,,,0,0,,,0,0
47580,2000-01,2026-06,0,318,2004-01,2026-06,0,270,2004-01,2026-06,0,270,,,0,0,,,0,0
47900,,,0,0,2004-01,2026-06,0,270,2004-01,2026-06,0,270,,,0,0,,,0,0
47930,,,0,0,2024-01,2026-06,0,30,,,0,0,,,0,0,,,0,0
47940,,,0,0,2004-01,2026-06,0,270,2004-01,2026-06,0,270,,,0,0,,,0,0
48060,,,0,0,2014-01,2026-06,0,150,2014-01,2026-06,0,150,,,0,0,,,0,0
48140,2009-01,2026-06,0,210,2004-01,2026-06,0,270,2004-01,2026-06,0,270,,,0,0,,,0,0
48260,,,0,0,2004-01,2026-06,48,150,2014-01,2026-06,0,150,,,0,0,,,0,0
48300,,,0,0,2004-01,2026-06,0,270,2004-01,2026-06,0,270,,,0,0,,,0,0
48540,,,0,0,2004-01,2026-06,0,270,2004-01,2026-06,0,270,,,0,0,,,0,0
48620,2002-04,2026-06,0,291,2004-01,2026-06,0,270,2004-01,2026-06,0,270,,,0,0,,,0,0
48660,2009-01,2026-06,0,210,2004-01,2026-06,0,270,2004-01,2026-06,0,270,,,0,0,,,0,0
48680,,,0,0,2024-01,2026-06,0,30,,,0,0,,,0,0,,,0,0
48700,2000-01,2026-06,3,247,2004-01,2026-06,0,270,2004-01,2026-06,0,270,,,0,0,,,0,0
48900,2003-05,2026-06,0,278,2004-01,2026-06,0,270,2004-01,2026-06,0,270,,,0,0,,,0,0
49020,,,0,0,2004-01,2026-06,0,270,2004-01,2026-06,0,270,,,0,0,,,0,0
49180,,,0,0,2004-01,2026-06,0,270,2004-01,2026-06,0,270,,,0,0,,,0,0
49340,2000-01,2026-06,0,318,2004-01,2026-06,0,270,2004-01,2026-06,0,270,,,0,0,,,0,0
49420,2000-05,2026-06,0,314,2004-01,2026-06,0,270,2004-01,2026-06,0,270,,,0,0,,,0,0
49620,,,0,0,2004-01,2026-06,0,270,2004-01,2026-06,0,270,,,0,0,,,0,0
49660,,,0,0,2004-01,2026-06,0,270,2004-01,2026-06,0,270,,,0,0,,,0,0
49700,2004-01,2026-06,0,270,2004-01,2026-06,84,132,2004-01,2014-12,0,132,,,0,0,,,0,0
49740,2002-04,2026-06,1,262,2004-01,2026-06,0,270,2004-01,2026-06,0,270,,,0,0,,,0,0
