DGP,target,T,N,true_value,mean_estimate,bias,rmse,se_type,mean_se,empirical_size,size_mcse,coverage,coverage_mcse,replications
DGP 1,lag entry,100,100,0.44779930015238545,0.44792098196009056,0.00012168180770504966,0.13153911971038196,diagonal/white,0.1378603198473358,0.052,0.007021111023192838,0.948,0.007021111023192843,1000
DGP 1,lag group mean,100,100,0.44769264558248334,0.44942416784455297,0.001731522262069629,0.09844241062415598,diagonal/white,0.1021888842737705,0.047,0.006692607862410586,0.953,0.00669260786241059,1000
DGP 1,lag full mean,100,100,0.44769918240444706,0.4499781824871454,0.0022790000826983124,0.09761407987940299,diagonal/white,0.1017968707086337,0.049,0.006826346021115542,0.951,0.006826346021115546,1000
DGP 1,lag contrast,100,100,-1.3073643927447185e-05,-0.0011080265850804416,-0.001094952941152995,0.017595929496378872,diagonal/white,0.019012551068678215,0.029,0.005306505441436953,0.971,0.005306505441436956,1000
DGP 1,covariate entry,100,100,0.6015941343065296,0.5871857687937401,-0.014408365512789572,0.24666208401036632,diagonal/white,0.25569392430286003,0.05,0.006892024376045111,0.95,0.006892024376045114,1000
DGP 1,covariate group mean,100,100,0.5982737136410287,0.5871829779281819,-0.011090735712846782,0.16172156571566682,diagonal/white,0.16651134160948972,0.04,0.0061967733539318665,0.96,0.00619677335393187,1000
DGP 1,covariate full mean,100,100,0.598269695515884,0.5868746516000649,-0.011395043915819194,0.16040267437986078,diagonal/white,0.16518299958212004,0.041,0.006270486424512854,0.959,0.006270486424512857,1000
DGP 1,covariate contrast,100,100,8.036250289153558e-06,0.0006166503925671737,0.0006086141422780209,0.03919565732198212,diagonal/white,0.041076537229017995,0.033,0.005648982209212559,0.967,0.005648982209212561,1000
DGP 2,lag entry,100,100,0.44779930015238545,0.4445229335496019,-0.0032763666027835754,0.14638870252953348,spatial-kernel,0.14180133833114444,0.069,0.008014923580421713,0.931,0.008014923580421711,1000
DGP 2,lag group mean,100,100,0.44769264558248334,0.4459974041824823,-0.0016952414000010857,0.11659359421833211,spatial-kernel,0.10873421056967238,0.07,0.008068457101577725,0.93,0.008068457101577721,1000
DGP 2,lag full mean,100,100,0.44769918240444706,0.4465232950334416,-0.001175887371005447,0.11585234185975528,spatial-kernel,0.10837209049152295,0.065,0.007795832219846705,0.935,0.0077958322198467015,1000
DGP 2,lag contrast,100,100,-1.3073643927447185e-05,-0.0010517800915000462,-0.001038706447572599,0.01968265352188383,spatial-kernel,0.020188296321463104,0.038,0.006046155803483731,0.962,0.006046155803483734,1000
DGP 2,covariate entry,100,100,0.6015941343065296,0.5930017298157777,-0.008592404490751921,0.24180016317453829,spatial-kernel,0.2548502881953322,0.043,0.006414904519944158,0.957,0.006414904519944161,1000
DGP 2,covariate group mean,100,100,0.5982737136410287,0.5875062627768475,-0.010767450864181051,0.1588342988862171,spatial-kernel,0.16429080699245346,0.052,0.007021111023192838,0.948,0.007021111023192843,1000
DGP 2,covariate full mean,100,100,0.598269695515884,0.5875468909581606,-0.010722804557723474,0.15802516964406993,spatial-kernel,0.16303849365031636,0.051,0.00695693898205238,0.949,0.006956938982052382,1000
DGP 2,covariate contrast,100,100,8.036250289153558e-06,-8.125818997059931e-05,-8.929444025975269e-05,0.03762051071397367,spatial-kernel,0.040606795673781095,0.04,0.0061967733539318665,0.96,0.00619677335393187,1000
DGP 2,lag entry,200,200,0.42894640082629587,0.4267560329786374,-0.0021903678476584286,0.08866242035140431,spatial-kernel,0.08789632690031433,0.061,0.0075682891065286355,0.939,0.007568289106528638,1000
DGP 2,lag group mean,200,200,0.4295052554312577,0.4307553057939889,0.0012500503627311866,0.07210730118883207,spatial-kernel,0.06899385849705954,0.066,0.007851369307324678,0.934,0.007851369307324675,1000
DGP 2,lag full mean,200,200,0.4294448168875235,0.43038742107808803,0.000942604190564498,0.07195739426088474,spatial-kernel,0.06879590442598771,0.068,0.007960904471226871,0.932,0.00796090447122687,1000
DGP 2,lag contrast,200,200,0.00012087708746849275,0.0007357701680561378,0.0006148930805876451,0.008776948853250211,spatial-kernel,0.008557390085314654,0.044,0.006485676526007136,0.956,0.006485676526007139,1000
DGP 2,covariate entry,200,200,0.6054241197077019,0.602515692894034,-0.0029084268136680513,0.14138459068665213,spatial-kernel,0.1447118585775441,0.048,0.006759881655768835,0.952,0.006759881655768837,1000
DGP 2,covariate group mean,200,200,0.6028931064001848,0.5984686360616576,-0.004424470338527288,0.09494383784878217,spatial-kernel,0.09691127200372267,0.041,0.006270486424512854,0.959,0.006270486424512857,1000
DGP 2,covariate full mean,200,200,0.6023591524602204,0.5981173612034738,-0.004241791256746676,0.0947758447379393,spatial-kernel,0.09654641618408905,0.043,0.006414904519944158,0.957,0.006414904519944161,1000
DGP 2,covariate contrast,200,200,0.0010679078799287855,0.000702550079503506,-0.0003653578004252794,0.01528903562984339,spatial-kernel,0.01571703252210998,0.032,0.005565608681896348,0.968,0.005565608681896351,1000
DGP 3,lag entry,50,50,0.46354890760020495,0.5366455635683616,0.07309665596815668,3.666933346143582,spatial-kernel,0.5351366716263769,0.05,0.006892024376045111,0.95,0.006892024376045114,1000
DGP 3,lag group mean,50,50,0.4657211760172365,0.5546567055601954,0.08893552954295897,4.831008006766803,spatial-kernel,0.4449750227103783,0.062,0.007626008130076967,0.938,0.00762600813007697,1000
DGP 3,lag full mean,50,50,0.46555958622732846,0.5329754292390705,0.067415843011742,4.5226245357968065,spatial-kernel,0.43079752685849154,0.068,0.007960904471226871,0.932,0.00796090447122687,1000
DGP 3,lag contrast,50,50,0.00032317957981614653,0.043359310761383565,0.04303613118156743,1.2755331762133624,spatial-kernel,0.15256966975859182,0.066,0.007851369307324678,0.934,0.007851369307324675,1000
DGP 3,covariate entry,50,50,0.5879390753891719,0.43747946786398517,-0.15045960752518678,1.8152769151178636,spatial-kernel,0.9662264869285562,0.082,0.008676174272108648,0.918,0.008676174272108645,1000
DGP 3,covariate group mean,50,50,0.590477609534504,0.4148606474198652,-0.1756169621146388,1.2725300409623632,spatial-kernel,0.6099348970950759,0.074,0.00827792244467173,0.926,0.008277922444671728,1000
DGP 3,covariate full mean,50,50,0.5916198895289297,0.4159988543050305,-0.17562103522389927,1.4963592295798662,spatial-kernel,0.6026345985683377,0.069,0.008014923580421713,0.931,0.008014923580421711,1000
DGP 3,covariate contrast,50,50,-0.00228455998885139,-0.0022725027622760765,1.2057226575315382e-05,1.9578576320201202,spatial-kernel,0.3492895819293841,0.081,0.008627803892068943,0.919,0.008627803892068941,1000
DGP 3,lag entry,100,100,0.44779930015238545,0.44435622398263425,-0.0034430761697512623,0.15740991175971975,spatial-kernel,0.1482810340521172,0.076,0.008379976133617566,0.924,0.008379976133617564,1000
DGP 3,lag group mean,100,100,0.44769264558248334,0.44603893537227646,-0.0016537102102068533,0.12605243143768197,spatial-kernel,0.11397507492640767,0.074,0.00827792244467173,0.926,0.008277922444671728,1000
DGP 3,lag full mean,100,100,0.44769918240444706,0.44659719605650683,-0.001101986347940258,0.1253073402984484,spatial-kernel,0.11361454259894585,0.079,0.008529888627643388,0.921,0.008529888627643386,1000
DGP 3,lag contrast,100,100,-1.3073643927447185e-05,-0.0011165207870053417,-0.0011034471430778944,0.021284068332175506,spatial-kernel,0.021154355186001353,0.042,0.0063431853196954605,0.958,0.006343185319695463,1000
DGP 3,covariate entry,100,100,0.6015941343065296,0.5884359216293356,-0.01315821267719395,0.29914368023587484,spatial-kernel,0.2997675242401052,0.057,0.007331507348424334,0.943,0.007331507348424336,1000
DGP 3,covariate group mean,100,100,0.5982737136410287,0.5869592094064222,-0.0113145042346064,0.19734839721678837,spatial-kernel,0.19191023195450066,0.059,0.007451107300260815,0.941,0.007451107300260817,1000
DGP 3,covariate full mean,100,100,0.598269695515884,0.5872242416802097,-0.01104545383567427,0.19668773644506607,spatial-kernel,0.1906326650121934,0.06,0.007509993342207435,0.94,0.007509993342207438,1000
DGP 3,covariate contrast,100,100,8.036250289153558e-06,-0.0005300659629935709,-0.0005381022132827245,0.04568838835001479,spatial-kernel,0.04801347443100583,0.045,0.0065555320150236475,0.955,0.00655553201502365,1000
DGP 3,lag entry,200,200,0.42894640082629587,0.4255358900191423,-0.0034105108071534893,0.09484425470341769,spatial-kernel,0.09287553487055118,0.065,0.007795832219846705,0.935,0.0077958322198467015,1000
DGP 3,lag group mean,200,200,0.4295052554312577,0.43035498970722913,0.000849734275971381,0.07716487235865026,spatial-kernel,0.07318457885507604,0.06,0.007509993342207435,0.94,0.007509993342207438,1000
DGP 3,lag full mean,200,200,0.4294448168875235,0.4299501710266146,0.0005053541390911102,0.07692114883137116,spatial-kernel,0.07297117377433676,0.06,0.007509993342207435,0.94,0.007509993342207438,1000
DGP 3,lag contrast,200,200,0.00012087708746849275,0.0008096380710249433,0.0006887609835564507,0.00935448128672315,spatial-kernel,0.008966522064158435,0.045,0.0065555320150236475,0.955,0.00655553201502365,1000
DGP 3,covariate entry,200,200,0.6054241197077019,0.6021937184284182,-0.0032304012792839167,0.17177984242614472,spatial-kernel,0.16868591756871898,0.049,0.006826346021115542,0.951,0.006826346021115546,1000
DGP 3,covariate group mean,200,200,0.6028931064001848,0.5975020001030347,-0.005391106297150113,0.11384657003160241,spatial-kernel,0.11312627464559986,0.049,0.006826346021115542,0.951,0.006826346021115546,1000
DGP 3,covariate full mean,200,200,0.6023591524602204,0.5972481026202067,-0.005111049840013827,0.11358609875246584,spatial-kernel,0.11273799226605079,0.046,0.006624499981130651,0.954,0.006624499981130654,1000
DGP 3,covariate contrast,200,200,0.0010679078799287855,0.0005077941058685229,-0.0005601137740602626,0.01855134450060305,spatial-kernel,0.01832406307690492,0.045,0.0065555320150236475,0.955,0.00655553201502365,1000
DGP 3,lag entry,400,400,0.41190483544906986,0.4123231172900714,0.0004182818410015443,0.06474319786095575,spatial-kernel,0.0629303901077423,0.054,0.007147307185227175,0.946,0.0071473071852271785,1000
DGP 3,lag group mean,400,400,0.4113460427544378,0.41168086545151483,0.00033482269707701875,0.05324230471259866,spatial-kernel,0.0497105890024838,0.067,0.007906389820898032,0.933,0.007906389820898028,1000
DGP 3,lag full mean,400,400,0.41131400146667635,0.4117492802979323,0.00043527883125586404,0.05322988895708256,spatial-kernel,0.04966969565765872,0.068,0.007960904471226871,0.932,0.00796090447122687,1000
DGP 3,lag contrast,400,400,6.408257552285103e-05,-0.0001368299314860532,-0.00020091250700890418,0.004323727547163603,spatial-kernel,0.004219818357377026,0.05,0.006892024376045111,0.95,0.006892024376045114,1000
DGP 3,covariate entry,400,400,0.5882072041057795,0.5908687330299339,0.00266152892415437,0.10878281988400473,spatial-kernel,0.10122702787006901,0.052,0.007021111023192838,0.948,0.007021111023192843,1000
DGP 3,covariate group mean,400,400,0.5929583677527128,0.5951759763387594,0.0022176085860465045,0.0709492238237524,spatial-kernel,0.06854524223578298,0.058,0.007391616873188166,0.942,0.007391616873188169,1000
DGP 3,covariate full mean,400,400,0.5937491106608259,0.5960130344831347,0.0022639238223088167,0.07081890993169525,spatial-kernel,0.06853652372774074,0.059,0.007451107300260815,0.941,0.007451107300260817,1000
DGP 3,covariate contrast,400,400,-0.0015814858162260116,-0.0016741161610966343,-9.26303448706236e-05,0.008244301849598507,spatial-kernel,0.00772914336275088,0.063,0.007683163410991596,0.937,0.007683163410991592,1000
