target_name,fold_id,solver_name,convergence_info_code,converged,iterations,maxiter,requested_tolerance,achieved_absolute_residual,achieved_relative_residual,rhs_norm,solution_norm,maximum_absolute_solution_entry,riesz_ridge,scaling_value,cached_scale,elapsed_seconds,contains_nonfinite
asinh_permits_mean,0,scipy.sparse.linalg.cg,0,True,1303,2000,1e-05,9.914591201571135e-08,9.817607265061654e-06,0.010098785716204622,9.070199578419487,0.13145345836197034,1e-06,326.5659492403002,False,5.271263800095767,False
asinh_permits_mean,1,scipy.sparse.linalg.cg,0,True,1024,2000,1e-05,7.175959827421956e-08,7.105742522832832e-06,0.010098817687755354,10.657403391643303,0.1395774340998044,1e-06,330.399059744407,False,3.795541499974206,False
asinh_permits_mean,2,scipy.sparse.linalg.cg,0,True,1284,2000,1e-05,9.754500521973137e-08,9.659073979349993e-06,0.010098794711405209,8.818379401566661,0.12331148262005646,1e-06,331.4174863215181,False,4.632549499976449,False
asinh_permits_mean,3,scipy.sparse.linalg.cg,0,True,1010,2000,1e-05,8.850286282996961e-08,8.7636767554992e-06,0.010098827843511472,10.573458955961387,0.14215947450949623,1e-06,334.22510300386244,False,3.684430700028315,False
asinh_permits_mean,4,scipy.sparse.linalg.cg,0,True,1164,2000,1e-05,8.939364456487255e-08,8.851896627536092e-06,0.01009881252869478,10.597442879639306,0.14377393171865746,1e-06,331.5717125409598,False,4.210472199949436,False
asinh_permits_mean,5,scipy.sparse.linalg.cg,0,True,1023,2000,1e-05,5.958525870711867e-08,5.90022687606311e-06,0.010098808055814383,10.719573941607246,0.14434816946262238,1e-06,330.0311745789464,False,3.561777100083418,False
asinh_permits_mean,6,scipy.sparse.linalg.cg,0,True,1165,2000,1e-05,5.205524854506843e-08,5.154604055515976e-06,0.010098787023100983,9.073940730368196,0.136362244350743,1e-06,330.2070239852344,False,4.567059400025755,False
asinh_permits_mean,7,scipy.sparse.linalg.cg,0,True,1068,2000,1e-05,8.859644119851535e-08,8.772956863039393e-06,0.01009881190363235,10.755703298416996,0.1476166340092994,1e-06,332.26363062901754,False,3.9644159000599757,False
asinh_permits_mean,8,scipy.sparse.linalg.cg,0,True,949,2000,1e-05,8.213206684353011e-08,8.13284166509709e-06,0.010098815423397231,10.750889256291353,0.14616308738161043,1e-06,326.416964622167,False,3.828603000030853,False
asinh_permits_mean,9,scipy.sparse.linalg.cg,0,True,1038,2000,1e-05,6.259036092970457e-08,6.19779760145521e-06,0.010098806859231525,10.651490407663987,0.1426974050302981,1e-06,329.89277740356044,False,3.9199481999967247,False
lag_log_zhvi_mean,0,scipy.sparse.linalg.cg,0,True,1304,2000,1e-05,9.182035707142703e-08,9.089751600185547e-06,0.010101525444276466,9.599347576819083,0.14365941473395666,1e-06,325.17109979106493,False,2.9583536999998614,False
lag_log_zhvi_mean,1,scipy.sparse.linalg.cg,0,True,1016,2000,1e-05,7.17274971982679e-08,7.1006599544407805e-06,0.010101525443900358,11.317895033460813,0.15258371558564188,1e-06,329.43728217254215,False,4.132063099998049,False
lag_log_zhvi_mean,2,scipy.sparse.linalg.cg,0,True,1278,2000,1e-05,7.137244493498524e-08,7.065511573489226e-06,0.010101525444071807,9.319357166835156,0.1284196771571159,1e-06,330.43280858757856,False,4.527238200069405,False
lag_log_zhvi_mean,3,scipy.sparse.linalg.cg,0,True,1001,2000,1e-05,9.048535786865535e-08,8.957593422149338e-06,0.010101525443755154,11.232243155514482,0.15573063958380795,1e-06,333.0982748470902,False,3.6133981000166386,False
lag_log_zhvi_mean,4,scipy.sparse.linalg.cg,0,True,1235,2000,1e-05,6.119728784268649e-08,6.0582224125382965e-06,0.010101525443508078,11.268336614685765,0.15415217874656162,1e-06,330.37707587357755,False,4.592345300014131,False
lag_log_zhvi_mean,5,scipy.sparse.linalg.cg,0,True,1007,2000,1e-05,8.72594837266949e-08,8.638248174915207e-06,0.010101525443560373,11.39284330810721,0.1577723383329802,1e-06,329.13788328497895,False,3.63031460007187,False
lag_log_zhvi_mean,6,scipy.sparse.linalg.cg,0,True,1078,2000,1e-05,7.372167882633403e-08,7.298073863601912e-06,0.010101525444132628,9.606264945842574,0.14029264078139012,1e-06,329.16054029210244,False,3.9307543999748304,False
lag_log_zhvi_mean,7,scipy.sparse.linalg.cg,0,True,1055,2000,1e-05,9.630227091151411e-08,9.53343843427496e-06,0.010101525443882316,11.419750402746308,0.15219582037959548,1e-06,331.4136391262415,False,3.896985900006257,False
lag_log_zhvi_mean,8,scipy.sparse.linalg.cg,0,True,942,2000,1e-05,8.328510907142362e-08,8.244805157096919e-06,0.010101525443537488,11.43385308524912,0.16019202371865557,1e-06,325.1482102256242,False,3.5593462999677286,False
lag_log_zhvi_mean,9,scipy.sparse.linalg.cg,0,True,1110,2000,1e-05,9.059746268959897e-08,8.968691233064253e-06,0.010101525443935408,11.317754985628145,0.15475741093106576,1e-06,328.8139186999042,False,4.143801499973051,False
log_employment_mean,0,scipy.sparse.linalg.cg,0,True,1281,2000,1e-05,2.1576513147183877e-09,8.041012504756504e-06,0.0002683307995656108,0.39528461048619096,0.017050868256627768,1e-06,344.4316523558941,False,5.058535100077279,False
log_employment_mean,1,scipy.sparse.linalg.cg,0,True,991,2000,1e-05,1.3281671940414904e-09,9.415985222005995e-06,0.00014105451131523076,0.23337758270323855,0.010845085012753344,1e-06,340.5285247107768,False,3.6730400000233203,False
log_employment_mean,2,scipy.sparse.linalg.cg,0,True,1268,2000,1e-05,7.54576131823787e-10,8.822652130106773e-06,8.552713183021701e-05,0.13111911815630292,0.005629401231133104,1e-06,346.3552317513917,False,4.5647543000523,False
log_employment_mean,3,scipy.sparse.linalg.cg,0,True,985,2000,1e-05,2.17145399749106e-09,9.44604803963753e-06,0.00022987962673693795,0.3585597498859599,0.017413845491822073,1e-06,334.05040791789924,False,3.6367186000570655,False
log_employment_mean,4,scipy.sparse.linalg.cg,0,True,1140,2000,1e-05,1.321297068311041e-09,8.450855280952468e-06,0.00015635069166184114,0.24696455411074536,0.01152286873997176,1e-06,338.7596525958302,False,4.16974159993697,False
log_employment_mean,5,scipy.sparse.linalg.cg,0,True,992,2000,1e-05,1.7462788668947491e-09,9.622795413547589e-06,0.000181473136635143,0.31726251203699274,0.012727546904729848,1e-06,344.0523814253808,False,3.5832602999871597,False
log_employment_mean,6,scipy.sparse.linalg.cg,0,True,1046,2000,1e-05,1.5561729167974334e-09,8.090864597197844e-06,0.00019233703618478447,0.2778830974290936,0.012372424459255306,1e-06,344.4075151131547,False,3.956212699995376,False
log_employment_mean,7,scipy.sparse.linalg.cg,0,True,1125,2000,1e-05,1.9363026874878395e-09,9.996829734314942e-06,0.00019369167415558963,0.3440649519397146,0.01472032341305547,1e-06,341.03635489895754,False,3.882870399975218,False
log_employment_mean,8,scipy.sparse.linalg.cg,0,True,927,2000,1e-05,2.1116050873811124e-09,8.547210934056891e-06,0.00024705194521025466,0.4054731390163505,0.018587340781107676,1e-06,338.6930564570933,False,3.5200360000599176,False
log_employment_mean,9,scipy.sparse.linalg.cg,0,True,997,2000,1e-05,1.971684746570352e-09,9.978344557703153e-06,0.00019759637835398624,0.34732858289294904,0.014185690043999343,1e-06,341.7371990887142,False,3.2025253999745473,False
