date,median,n_available,p10,p25,p75,p90,variable
2004-01-01,92.9,138,43.43000000000001,57.949999999999996,167.725,331.95,employment thousands SA
2004-02-01,93.3,137,43.18000000000001,57.8,169.1,333.4800000000001,employment thousands SA
2004-03-01,93.25,138,42.81,57.52499999999999,168.4,333.4599999999999,employment thousands SA
2004-04-01,93.45,138,42.64,57.775000000000006,168.3,334.09999999999997,employment thousands SA
2004-05-01,93.2,139,42.6,57.95,167.8,332.24000000000007,employment thousands SA
2004-06-01,93.2,139,42.540000000000006,57.9,168.4,333.98,employment thousands SA
2004-07-01,93.3,137,42.480000000000004,57.3,167.4,330.78,employment thousands SA
2004-08-01,93.4,137,42.72,59.2,168.8,337.6600000000001,employment thousands SA
2004-09-01,93.65,138,43.849999999999994,58.675000000000004,168.82500000000002,336.18999999999994,employment thousands SA
2004-10-01,93.8,139,42.580000000000005,57.35,169.0,335.52000000000004,employment thousands SA
2004-11-01,93.80000000000001,142,42.85000000000001,58.175,169.27499999999998,333.17999999999995,employment thousands SA
2004-12-01,94.1,142,43.91,58.900000000000006,169.625,333.50000000000006,employment thousands SA
2005-01-01,94.0,142,43.190000000000005,57.725,170.14999999999998,334.78,employment thousands SA
2005-02-01,92.2,143,43.32,57.05,168.5,335.34000000000003,employment thousands SA
2005-03-01,92.0,143,43.16,57.15,168.7,335.59999999999997,employment thousands SA
2005-04-01,91.4,144,43.72,56.349999999999994,169.29999999999998,336.58000000000004,employment thousands SA
2005-05-01,91.55000000000001,144,43.65,56.425,168.45,332.57000000000016,employment thousands SA
2005-06-01,93.0,143,44.120000000000005,57.349999999999994,169.1,336.82,employment thousands SA
2005-07-01,92.95,146,43.4,57.65,169.275,337.35,employment thousands SA
2005-08-01,92.6,148,43.37,57.25,168.925,337.49,employment thousands SA
2005-09-01,92.6,148,43.47,57.849999999999994,170.75,337.37,employment thousands SA
2005-10-01,92.44999999999999,150,43.76,58.05,170.375,338.03999999999996,employment thousands SA
2005-11-01,92.55,150,44.010000000000005,58.099999999999994,170.3,338.15999999999997,employment thousands SA
2005-12-01,92.1,151,44.4,57.900000000000006,170.8,337.5,employment thousands SA
2006-01-01,91.7,151,44.3,58.05,171.60000000000002,337.0,employment thousands SA
2006-02-01,91.5,151,44.4,58.25,171.85,337.0,employment thousands SA
2006-03-01,91.6,151,44.5,58.45,172.15,337.6,employment thousands SA
2006-04-01,92.95,150,45.21999999999999,58.650000000000006,172.55,338.63999999999993,employment thousands SA
2006-05-01,91.9,149,44.379999999999995,58.8,173.2,339.82000000000016,employment thousands SA
2006-06-01,92.19999999999999,150,44.830000000000005,58.849999999999994,173.0,339.06999999999994,employment thousands SA
2006-07-01,92.7,151,44.8,59.05,172.65,338.2,employment thousands SA
2006-08-01,90.94999999999999,152,44.56,58.3,172.89999999999998,337.87000000000006,employment thousands SA
2006-09-01,91.4,152,44.4,58.24999999999999,173.90000000000003,337.9100000000001,employment thousands SA
2006-10-01,91.8,152,44.56,58.224999999999994,173.25,337.2200000000001,employment thousands SA
2006-11-01,92.1,153,44.64,58.5,173.6,336.34000000000003,employment thousands SA
2006-12-01,92.4,153,44.800000000000004,58.4,173.4,336.0200000000001,employment thousands SA
2007-01-01,91.5,153,45.18,58.3,174.8,336.4200000000001,employment thousands SA
2007-02-01,91.5,153,45.019999999999996,58.5,174.3,335.82000000000016,employment thousands SA
2007-03-01,91.2,153,45.34,59.1,174.7,336.0000000000001,employment thousands SA
2007-04-01,91.1,153,45.32,58.6,174.5,336.2200000000001,employment thousands SA
2007-05-01,90.7,153,45.4,58.7,174.5,337.22000000000014,employment thousands SA
2007-06-01,90.8,154,45.230000000000004,58.625,174.60000000000002,338.39000000000016,employment thousands SA
2007-07-01,89.7,155,45.16,58.55,174.85,336.3399999999999,employment thousands SA
2007-08-01,90.35,156,45.15,58.575,175.20000000000002,334.7,employment thousands SA
2007-09-01,92.6,155,45.14,58.4,175.6,335.5799999999999,employment thousands SA
2007-10-01,91.8,155,45.16,58.7,175.9,336.3599999999999,employment thousands SA
2007-11-01,92.19999999999999,154,45.21,58.525,176.7,338.1000000000002,employment thousands SA
2007-12-01,91.7,155,45.44,58.65,176.25,336.91999999999996,employment thousands SA
2008-01-01,91.4,155,45.739999999999995,58.85,177.10000000000002,337.41999999999996,employment thousands SA
2008-02-01,88.7,155,45.62,58.8,176.45,337.5999999999999,employment thousands SA
2008-03-01,88.19999999999999,158,45.91,58.449999999999996,175.075,333.4100000000001,employment thousands SA
2008-04-01,86.30000000000001,158,45.64,58.39999999999999,175.02499999999998,332.5000000000001,employment thousands SA
2008-05-01,88.2,157,46.22,58.8,174.7,333.12000000000006,employment thousands SA
2008-06-01,87.1,159,46.2,58.65,174.5,330.8600000000002,employment thousands SA
2008-07-01,86.30000000000001,160,45.379999999999995,58.27499999999999,174.25,329.41999999999996,employment thousands SA
2008-08-01,86.4,161,45.5,58.1,173.8,328.3,employment thousands SA
2008-09-01,86.4,161,45.4,58.0,173.4,328.3,employment thousands SA
2008-10-01,85.1,161,45.2,57.2,172.8,326.1,employment thousands SA
2008-11-01,82.8,161,45.2,56.6,171.4,318.5,employment thousands SA
2008-12-01,81.8,163,45.0,56.2,171.1,321.34000000000003,employment thousands SA
2009-01-01,79.4,181,44.5,55.7,155.6,304.8,employment thousands SA
2009-02-01,77.6,183,44.5,55.5,153.9,299.78000000000014,employment thousands SA
2009-03-01,76.7,184,44.12,55.3,152.675,295.55000000000024,employment thousands SA
2009-04-01,76.2,185,43.08,55.0,151.8,292.67999999999995,employment thousands SA
2009-05-01,76.4,184,42.91,54.699999999999996,151.725,289.5700000000003,employment thousands SA
2009-06-01,76.0,184,42.4,54.2,151.75,288.0800000000002,employment thousands SA
2009-07-01,75.4,186,42.75,54.35000000000001,150.875,284.70000000000005,employment thousands SA
2009-08-01,75.30000000000001,186,42.599999999999994,54.325,149.29999999999998,284.35,employment thousands SA
2009-09-01,75.3,187,42.519999999999996,54.5,148.60000000000002,283.24,employment thousands SA
2009-10-01,75.15,186,42.25,54.650000000000006,149.325,283.65,employment thousands SA
2009-11-01,74.9,187,43.480000000000004,54.5,148.7,283.22,employment thousands SA
2009-12-01,75.0,187,42.260000000000005,54.35,149.05,281.66,employment thousands SA
2010-01-01,74.7,187,42.34,54.5,149.35000000000002,281.70000000000005,employment thousands SA
2010-02-01,74.8,188,42.32,54.3,148.6,281.65,employment thousands SA
2010-03-01,74.6,188,42.39,54.27499999999999,149.0,283.2,employment thousands SA
2010-04-01,74.80000000000001,188,42.28,54.550000000000004,149.20000000000002,282.82,employment thousands SA
2010-05-01,75.35,188,42.550000000000004,54.77499999999999,149.9,284.45000000000005,employment thousands SA
2010-06-01,74.6,188,42.480000000000004,54.699999999999996,149.75,284.31000000000006,employment thousands SA
2010-07-01,75.0,187,42.94,55.05,149.55,283.02000000000004,employment thousands SA
2010-08-01,74.75,188,42.209999999999994,54.675,150.45000000000002,283.23,employment thousands SA
2010-09-01,74.1,189,42.22,54.5,149.5,283.0,employment thousands SA
2010-10-01,74.5,189,42.279999999999994,54.3,150.4,283.28000000000003,employment thousands SA
2010-11-01,74.2,189,42.22,54.3,150.4,283.74,employment thousands SA
2010-12-01,74.2,189,41.78,54.4,150.3,284.72,employment thousands SA
2011-01-01,75.0,189,42.17999999999999,54.4,149.7,284.90000000000003,employment thousands SA
2011-02-01,75.0,188,42.209999999999994,54.62499999999999,150.47500000000002,284.40999999999997,employment thousands SA
2011-03-01,74.9,187,42.36,54.65,150.6,284.62,employment thousands SA
2011-04-01,75.1,188,42.4,54.475,149.6,285.27,employment thousands SA
2011-05-01,74.9,189,42.160000000000004,54.7,148.6,284.88,employment thousands SA
2011-06-01,75.0,189,42.06,54.9,147.3,285.54,employment thousands SA
2011-07-01,75.1,189,42.540000000000006,55.3,149.5,287.70000000000005,employment thousands SA
2011-08-01,75.2,189,42.279999999999994,55.5,150.7,287.32,employment thousands SA
2011-09-01,75.9,189,42.6,55.1,151.1,286.50000000000006,employment thousands SA
2011-10-01,75.2,189,42.4,55.2,150.9,284.74000000000007,employment thousands SA
2011-11-01,75.2,189,42.32,55.1,150.4,285.70000000000005,employment thousands SA
2011-12-01,75.1,189,42.839999999999996,54.8,151.2,286.68000000000006,employment thousands SA
2012-01-01,75.3,189,42.6,55.2,151.3,287.9600000000001,employment thousands SA
2012-02-01,75.1,190,42.57,55.150000000000006,150.0,288.48,employment thousands SA
2012-03-01,75.6,190,42.68,55.150000000000006,150.45,289.2,employment thousands SA
2012-04-01,75.4,190,42.88,55.324999999999996,150.875,289.37,employment thousands SA
2012-05-01,75.8,189,42.980000000000004,55.4,152.3,290.24,employment thousands SA
2012-06-01,75.9,189,44.440000000000005,55.8,152.2,290.06000000000006,employment thousands SA
2012-07-01,75.5,189,44.68,55.3,152.6,291.28000000000003,employment thousands SA
2012-08-01,76.2,189,44.6,55.7,153.5,291.94,employment thousands SA
2012-09-01,75.95,190,43.68000000000001,55.575,152.79999999999998,291.52,employment thousands SA
2012-10-01,76.15,190,43.53,55.449999999999996,152.32500000000002,291.9599999999999,employment thousands SA
2012-11-01,76.0,190,42.989999999999995,55.55,152.625,292.32000000000005,employment thousands SA
2012-12-01,76.0,190,42.78,55.525,152.575,292.40999999999997,employment thousands SA
2013-01-01,76.44999999999999,190,43.510000000000005,55.05,153.20000000000002,291.36,employment thousands SA
2013-02-01,76.4,190,43.580000000000005,55.125,153.625,292.7,employment thousands SA
2013-03-01,76.55000000000001,190,44.400000000000006,55.075,153.95000000000002,293.08,employment thousands SA
2013-04-01,76.8,190,44.690000000000005,55.349999999999994,154.45000000000002,293.14,employment thousands SA
2013-05-01,76.5,190,44.52,55.474999999999994,154.55,293.69,employment thousands SA
2013-06-01,76.65,190,44.510000000000005,55.349999999999994,154.125,293.13,employment thousands SA
2013-07-01,76.75,190,44.910000000000004,55.425,154.54999999999998,292.33000000000004,employment thousands SA
2013-08-01,77.05,190,45.18000000000001,55.425,155.425,295.61,employment thousands SA
2013-09-01,77.2,190,45.47000000000001,55.949999999999996,155.95,296.59999999999997,employment thousands SA
2013-10-01,77.35,190,45.28,55.925,156.22500000000002,296.42999999999995,employment thousands SA
2013-11-01,77.44999999999999,190,45.32,56.1,156.17499999999998,297.57,employment thousands SA
2013-12-01,77.65,190,45.480000000000004,55.99999999999999,156.075,297.63,employment thousands SA
2014-01-01,76.0,200,42.00000000000001,54.27499999999999,149.15,297.40999999999997,employment thousands SA
2014-02-01,76.0,200,42.16,54.349999999999994,149.35,297.63000000000005,employment thousands SA
2014-03-01,76.7,199,41.86,54.75,150.10000000000002,297.84,employment thousands SA
2014-04-01,76.55,200,42.13,54.24999999999999,150.15,298.61,employment thousands SA
2014-05-01,76.6,200,42.06,54.375,150.65,298.85,employment thousands SA
2014-06-01,76.5,200,41.89,54.575,150.825,298.43999999999994,employment thousands SA
2014-07-01,76.6,200,42.64,54.849999999999994,150.92499999999998,297.46,employment thousands SA
2014-08-01,76.7,200,42.18,55.150000000000006,151.725,298.31,employment thousands SA
2014-09-01,76.3,201,42.0,55.0,151.4,297.6,employment thousands SA
2014-10-01,76.5,201,42.0,55.3,152.3,298.1,employment thousands SA
2014-11-01,76.5,201,42.0,55.4,152.3,298.5,employment thousands SA
2014-12-01,76.8,201,42.6,55.4,153.0,299.8,employment thousands SA
2015-01-01,79.94999999999999,192,42.989999999999995,55.77499999999999,156.275,301.06,employment thousands SA
2015-02-01,79.6,192,43.519999999999996,55.77499999999999,156.57500000000002,301.38,employment thousands SA
2015-03-01,79.19999999999999,192,43.519999999999996,55.875,156.79999999999998,301.89,employment thousands SA
2015-04-01,79.0,192,42.85,55.849999999999994,157.20000000000002,302.78000000000003,employment thousands SA
2015-05-01,79.45,192,42.53,56.2,157.975,305.93,employment thousands SA
2015-06-01,79.5,192,42.449999999999996,56.050000000000004,158.3,305.06,employment thousands SA
2015-07-01,80.1,192,42.72,56.0,158.60000000000002,305.65999999999997,employment thousands SA
2015-08-01,80.1,192,42.870000000000005,56.0,159.15,306.1,employment thousands SA
2015-09-01,80.25,192,42.97,56.025000000000006,159.65,305.96,employment thousands SA
2015-10-01,80.30000000000001,192,43.529999999999994,56.1,160.075,307.34,employment thousands SA
2015-11-01,80.5,192,43.21,56.12500000000001,160.42499999999998,307.32,employment thousands SA
2015-12-01,80.55,192,43.04,56.050000000000004,161.14999999999998,307.89,employment thousands SA
2016-01-01,79.2,193,42.94,55.7,159.9,308.58000000000004,employment thousands SA
2016-02-01,79.3,195,43.06,55.85,157.5,308.9,employment thousands SA
2016-03-01,79.4,195,43.06,55.9,158.15,309.6,employment thousands SA
2016-04-01,79.5,195,43.38,55.8,158.95,311.08,employment thousands SA
2016-05-01,79.7,195,43.08,55.9,159.0,311.06,employment thousands SA
2016-06-01,79.7,195,42.86,55.75,159.35000000000002,311.62,employment thousands SA
2016-07-01,80.3,195,42.739999999999995,56.0,160.1,312.44,employment thousands SA
2016-08-01,80.0,195,42.620000000000005,56.1,160.05,312.28,employment thousands SA
2016-09-01,80.1,195,42.72,56.1,160.2,313.29999999999995,employment thousands SA
2016-10-01,80.4,195,42.64,56.2,160.4,311.2,employment thousands SA
2016-11-01,80.6,195,42.94,56.3,160.95,311.23999999999995,employment thousands SA
2016-12-01,80.6,195,42.760000000000005,56.45,161.25,311.79999999999995,employment thousands SA
2017-01-01,80.7,195,42.9,56.35,160.7,312.88,employment thousands SA
2017-02-01,80.7,195,43.06,56.3,161.5,313.64,employment thousands SA
2017-03-01,81.4,195,43.3,56.099999999999994,161.9,314.58,employment thousands SA
2017-04-01,81.2,195,43.44,56.2,162.10000000000002,315.15999999999997,employment thousands SA
2017-05-01,81.4,195,43.28,55.900000000000006,162.25,315.74,employment thousands SA
2017-06-01,81.4,195,43.68,56.25,162.5,316.12,employment thousands SA
2017-07-01,81.3,195,43.84,56.05,162.64999999999998,315.21999999999997,employment thousands SA
2017-08-01,81.7,195,43.74,55.95,162.85000000000002,315.96,employment thousands SA
2017-09-01,82.6,195,43.74,55.75,163.05,316.92,employment thousands SA
2017-10-01,81.8,195,43.92,56.0,163.2,317.03999999999996,employment thousands SA
2017-11-01,81.8,195,44.0,55.95,163.45,317.74,employment thousands SA
2017-12-01,82.0,195,43.8,56.0,163.55,318.16,employment thousands SA
2018-01-01,81.35,196,43.8,55.724999999999994,161.475,318.75,employment thousands SA
2018-02-01,81.1,196,43.900000000000006,55.9,162.125,318.7,employment thousands SA
2018-03-01,81.9,196,43.9,55.9,162.95000000000002,319.1,employment thousands SA
2018-04-01,81.8,196,43.75,56.075,163.25,319.45000000000005,employment thousands SA
2018-05-01,81.7,196,44.3,55.975,163.85000000000002,320.1,employment thousands SA
2018-06-01,82.30000000000001,196,44.05,56.150000000000006,163.775,320.2,employment thousands SA
2018-07-01,82.4,196,43.900000000000006,56.2,164.375,320.65,employment thousands SA
2018-08-01,82.6,196,44.1,56.575,164.725,321.65,employment thousands SA
2018-09-01,82.85,196,44.15,56.675000000000004,163.15,321.35,employment thousands SA
2018-10-01,83.0,196,44.35,56.525000000000006,163.89999999999998,322.1,employment thousands SA
2018-11-01,82.55000000000001,196,44.35,56.60000000000001,165.25,322.45,employment thousands SA
2018-12-01,82.85,196,44.15,56.60000000000001,165.225,322.75,employment thousands SA
2019-01-01,82.65,196,44.5,56.60000000000001,166.075,322.95000000000005,employment thousands SA
2019-02-01,81.3,195,44.400000000000006,56.45,164.45,323.79999999999995,employment thousands SA
2019-03-01,81.3,195,44.58,56.25,165.14999999999998,324.36,employment thousands SA
2019-04-01,82.85,196,44.25,56.349999999999994,166.725,323.9,employment thousands SA
2019-05-01,82.85,196,44.150000000000006,56.3,167.275,324.1,employment thousands SA
2019-06-01,82.35,196,44.05,56.37500000000001,167.8,323.95,employment thousands SA
2019-07-01,82.85,196,43.65,56.325,168.325,324.3,employment thousands SA
2019-08-01,82.94999999999999,196,43.75,56.475,168.14999999999998,324.0,employment thousands SA
2019-09-01,82.85,196,43.5,56.599999999999994,168.125,324.25,employment thousands SA
2019-10-01,82.6,196,43.9,56.85000000000001,168.325,324.6,employment thousands SA
2019-11-01,82.44999999999999,196,43.8,56.55,168.79999999999998,324.65,employment thousands SA
2019-12-01,82.30000000000001,196,43.900000000000006,56.825,169.575,324.75,employment thousands SA
2020-01-01,82.55,196,44.0,57.025000000000006,170.025,325.45,employment thousands SA
2020-02-01,81.8,196,43.900000000000006,56.75,170.64999999999998,325.2,employment thousands SA
2020-03-01,81.7,196,43.5,56.349999999999994,169.07500000000002,324.70000000000005,employment thousands SA
2020-04-01,71.6,196,38.05,47.900000000000006,146.15,278.2,employment thousands SA
2020-05-01,71.75,196,38.099999999999994,49.175000000000004,151.125,286.75,employment thousands SA
2020-06-01,74.6,196,39.7,50.2,156.475,296.5,employment thousands SA
2020-07-01,76.7,196,40.5,50.9,157.75,300.75,employment thousands SA
2020-08-01,77.85,196,40.55,52.475,159.875,302.85,employment thousands SA
2020-09-01,78.2,196,40.849999999999994,52.824999999999996,162.0,305.0,employment thousands SA
2020-10-01,78.69999999999999,196,40.7,53.10000000000001,163.35,306.15,employment thousands SA
2020-11-01,78.6,196,40.8,53.150000000000006,164.175,304.6,employment thousands SA
2020-12-01,77.80000000000001,196,40.8,52.8,164.425,304.5,employment thousands SA
2021-01-01,77.65,196,40.65,53.12499999999999,163.55,305.6,employment thousands SA
2021-02-01,78.65,196,40.900000000000006,53.45,163.95,307.04999999999995,employment thousands SA
2021-03-01,79.15,196,41.0,53.575,164.75,309.35,employment thousands SA
2021-04-01,79.30000000000001,196,41.05,53.575,164.625,309.05,employment thousands SA
2021-05-01,79.75,196,40.9,53.8,164.575,310.65,employment thousands SA
2021-06-01,79.9,196,41.2,53.775,165.225,312.75,employment thousands SA
2021-07-01,80.85,196,41.599999999999994,53.575,165.675,315.15,employment thousands SA
2021-08-01,80.6,196,42.099999999999994,54.150000000000006,166.075,315.7,employment thousands SA
2021-09-01,80.1,196,41.95,54.25,165.625,314.4,employment thousands SA
2021-10-01,80.94999999999999,196,41.95,54.525000000000006,166.475,318.4,employment thousands SA
2021-11-01,81.30000000000001,196,42.1,54.4,167.475,320.0,employment thousands SA
2021-12-01,81.4,196,42.05,55.12500000000001,168.22500000000002,320.35,employment thousands SA
2022-01-01,81.9,196,42.4,55.325,168.3,320.9,employment thousands SA
2022-02-01,81.94999999999999,196,42.6,55.8,168.95,321.3,employment thousands SA
2022-03-01,82.15,196,42.6,55.775,168.975,322.25,employment thousands SA
2022-04-01,82.44999999999999,196,42.8,56.150000000000006,169.39999999999998,325.3,employment thousands SA
2022-05-01,82.4,196,42.85,56.050000000000004,169.175,325.35,employment thousands SA
2022-06-01,82.15,196,42.650000000000006,56.0,170.17499999999998,324.55,employment thousands SA
2022-07-01,82.85,196,43.45,56.425,170.14999999999998,325.35,employment thousands SA
2022-08-01,82.6,196,43.5,56.525000000000006,170.625,326.6,employment thousands SA
2022-09-01,82.75,196,43.65,56.875,170.60000000000002,327.29999999999995,employment thousands SA
2022-10-01,82.85,196,43.3,56.275,170.75,328.54999999999995,employment thousands SA
2022-11-01,83.0,196,43.6,56.550000000000004,171.0,329.35,employment thousands SA
2022-12-01,83.0,196,43.55,56.675,171.25,330.25,employment thousands SA
2023-01-01,83.4,196,43.7,56.475,172.10000000000002,331.7,employment thousands SA
2023-02-01,83.25,196,43.599999999999994,56.650000000000006,172.32500000000002,331.85,employment thousands SA
2023-03-01,83.4,196,43.75,56.675000000000004,172.725,332.15,employment thousands SA
2023-04-01,83.65,196,43.6,56.824999999999996,173.07500000000002,332.4,employment thousands SA
2023-05-01,84.05,196,43.5,56.74999999999999,173.72499999999997,332.9,employment thousands SA
2023-06-01,84.15,196,43.75,56.875,174.99999999999997,333.3,employment thousands SA
2023-07-01,84.15,196,43.65,56.8,174.52499999999998,333.55,employment thousands SA
2023-08-01,84.25,196,43.95,56.9,174.875,332.95,employment thousands SA
2023-09-01,84.95,196,43.9,56.875,175.2,334.35,employment thousands SA
2023-10-01,84.8,196,44.150000000000006,57.025000000000006,175.575,333.7,employment thousands SA
2023-11-01,84.94999999999999,196,44.1,57.375,175.92499999999998,333.9,employment thousands SA
2023-12-01,85.30000000000001,196,44.3,57.45,176.3,334.95,employment thousands SA
2024-01-01,85.2,196,44.25,57.9,175.74999999999997,334.95000000000005,employment thousands SA
2024-02-01,85.6,196,44.55,57.900000000000006,176.27499999999998,334.95,employment thousands SA
2024-03-01,85.9,196,44.5,58.35,176.39999999999998,336.04999999999995,employment thousands SA
2024-04-01,85.75,196,44.05,58.175,176.65000000000003,335.9,employment thousands SA
2024-05-01,85.9,196,44.650000000000006,58.224999999999994,177.12500000000003,335.7,employment thousands SA
2024-06-01,86.0,196,44.4,58.12499999999999,177.54999999999998,336.75,employment thousands SA
2024-07-01,85.6,196,44.4,57.975,178.09999999999997,336.20000000000005,employment thousands SA
2024-08-01,85.9,196,44.4,58.10000000000001,178.47499999999997,336.1,employment thousands SA
2024-09-01,85.65,196,44.3,58.175000000000004,179.20000000000002,336.5,employment thousands SA
2024-10-01,85.6,196,44.3,57.925,175.77499999999998,335.95,employment thousands SA
2024-11-01,85.45,196,44.45,58.425,178.09999999999997,335.6,employment thousands SA
2024-12-01,85.44999999999999,196,44.45,58.375,178.17499999999998,335.6,employment thousands SA
2025-01-01,85.55,196,43.95,58.575,179.27500000000003,334.85,employment thousands SA
2025-02-01,85.5,196,44.25,58.45,179.64999999999998,334.5,employment thousands SA
2025-03-01,85.65,196,44.25,58.5,179.75000000000003,334.2,employment thousands SA
2025-04-01,85.65,196,44.3,58.4,180.025,334.20000000000005,employment thousands SA
2025-05-01,85.80000000000001,196,44.15,58.3,179.625,334.35,employment thousands SA
2025-06-01,85.65,196,44.150000000000006,58.1,179.3,332.75,employment thousands SA
2025-07-01,85.85,196,44.1,58.349999999999994,179.22500000000002,334.55,employment thousands SA
2025-08-01,85.95,196,43.95,58.175000000000004,179.475,334.85,employment thousands SA
2025-09-01,85.94999999999999,196,43.8,58.12500000000001,179.2,333.54999999999995,employment thousands SA
2025-10-01,86.25,196,43.75,57.875,179.1,333.4,employment thousands SA
2025-11-01,86.4,196,43.95,58.0,179.14999999999998,332.9,employment thousands SA
2025-12-01,86.45,196,43.8,58.2,178.87499999999997,332.2,employment thousands SA
2026-01-01,86.4,196,43.8,58.375,179.17499999999998,332.75,employment thousands SA
2026-02-01,86.19999999999999,196,43.7,58.375,178.95,331.15,employment thousands SA
2026-03-01,86.3,196,43.85,58.425,179.075,331.6,employment thousands SA
2026-04-01,86.15,196,43.849999999999994,58.550000000000004,179.675,332.9,employment thousands SA
2026-05-01,86.55,196,43.8,58.550000000000004,180.05,333.45,employment thousands SA
2026-06-01,86.5,196,43.65,58.62500000000001,180.45000000000002,334.2,employment thousands SA
