geometry,tuning,N,usable_T,maxiter,tol,ridge,number_of_solves,convergence_fraction,iterations_mean,iterations_median,iterations_max,relative_residual_median,relative_residual_max,solution_norm_median,solution_norm_max,number_reaching_maxiter,number_containing_nonfinite_values,target_name,estimate,se_white,se_xs,delta_estimate_vs_baseline,delta_white_se_vs_baseline,delta_xs_se_vs_baseline,total_runtime_sec,first_stage_monotone,first_stage_sweep_cap_hit_rate,first_stage_final_relative_objective_decrease_mean,retained_nonvalidation,retained_total,ranks
A_tiny_N20_T60,baseline,20,60,600,1e-05,1e-06,30,0.0,600.0,600.0,600,0.0015464079496417846,0.012222458842894636,34.185763502634316,37.33560334664963,30,0,asinh_permits_mean,0.03815864902884155,0.0469701440671725,0.013427068896687292,0.0,0.0,0.0,11.406269499915652,True,1.0,1.5465861867541557e-05,0.9021296296296295,0.8119166666666666,"1,1,1,2"
A_tiny_N20_T60,baseline,20,60,600,1e-05,1e-06,30,0.0,600.0,600.0,600,0.0015464079496417846,0.012222458842894636,34.185763502634316,37.33560334664963,30,0,lag_log_zhvi_mean,0.9706019798370404,0.021756576666855015,0.01573037626129487,0.0,0.0,0.0,11.406269499915652,True,1.0,1.5465861867541557e-05,0.9021296296296295,0.8119166666666666,"1,1,1,2"
A_tiny_N20_T60,baseline,20,60,600,1e-05,1e-06,30,0.0,600.0,600.0,600,0.0015464079496417846,0.012222458842894636,34.185763502634316,37.33560334664963,30,0,log_employment_mean,-0.0006865391653086944,0.0008333333333333334,0.0008333333333333334,0.0,0.0,0.0,11.406269499915652,True,1.0,1.5465861867541557e-05,0.9021296296296295,0.8119166666666666,"1,1,1,2"
A_tiny_N20_T60,maxiter_2000,20,60,2000,1e-05,1e-06,30,1.0,790.8333333333334,782.0,865,7.992617703157735e-06,9.772277195211795e-06,34.18577603677847,37.33560544940322,0,0,asinh_permits_mean,0.038154357532952654,0.04697907558083938,0.013431613231802657,-4.291495888895935e-06,8.931513666876612e-06,4.5443351153647005e-06,21.432963999919593,True,1.0,1.5465861867541557e-05,0.9021296296296295,0.8119166666666666,"1,1,1,2"
A_tiny_N20_T60,maxiter_2000,20,60,2000,1e-05,1e-06,30,1.0,790.8333333333334,782.0,865,7.992617703157735e-06,9.772277195211795e-06,34.18577603677847,37.33560544940322,0,0,lag_log_zhvi_mean,0.9706072487092879,0.02176145327876345,0.015732947408978352,5.268872247499168e-06,4.876611908434525e-06,2.5711476834833213e-06,21.432963999919593,True,1.0,1.5465861867541557e-05,0.9021296296296295,0.8119166666666666,"1,1,1,2"
A_tiny_N20_T60,maxiter_2000,20,60,2000,1e-05,1e-06,30,1.0,790.8333333333334,782.0,865,7.992617703157735e-06,9.772277195211795e-06,34.18577603677847,37.33560544940322,0,0,log_employment_mean,-0.0006865172100198865,0.0008333333333333334,0.0008333333333333334,2.1955288807915668e-08,0.0,0.0,21.432963999919593,True,1.0,1.5465861867541557e-05,0.9021296296296295,0.8119166666666666,"1,1,1,2"
A_tiny_N20_T60,tol_1e-5_ridge_1e-6,20,60,2000,1e-05,1e-06,30,1.0,790.8333333333334,782.0,865,7.992617703157735e-06,9.772277195211795e-06,34.18577603677847,37.33560544940322,0,0,asinh_permits_mean,0.038154357532952654,0.04697907558083938,0.013431613231802657,-4.291495888895935e-06,8.931513666876612e-06,4.5443351153647005e-06,21.070108300074935,True,1.0,1.5465861867541557e-05,0.9021296296296295,0.8119166666666666,"1,1,1,2"
A_tiny_N20_T60,tol_1e-5_ridge_1e-6,20,60,2000,1e-05,1e-06,30,1.0,790.8333333333334,782.0,865,7.992617703157735e-06,9.772277195211795e-06,34.18577603677847,37.33560544940322,0,0,lag_log_zhvi_mean,0.9706072487092879,0.02176145327876345,0.015732947408978352,5.268872247499168e-06,4.876611908434525e-06,2.5711476834833213e-06,21.070108300074935,True,1.0,1.5465861867541557e-05,0.9021296296296295,0.8119166666666666,"1,1,1,2"
A_tiny_N20_T60,tol_1e-5_ridge_1e-6,20,60,2000,1e-05,1e-06,30,1.0,790.8333333333334,782.0,865,7.992617703157735e-06,9.772277195211795e-06,34.18577603677847,37.33560544940322,0,0,log_employment_mean,-0.0006865172100198865,0.0008333333333333334,0.0008333333333333334,2.1955288807915668e-08,0.0,0.0,21.070108300074935,True,1.0,1.5465861867541557e-05,0.9021296296296295,0.8119166666666666,"1,1,1,2"
A_tiny_N20_T60,tol_1e-5_ridge_1e-5,20,60,2000,1e-05,1e-05,30,1.0,349.7,351.5,375,8.320892083128284e-06,9.845628854585053e-06,4.063675467831333,4.419574518277827,0,0,asinh_permits_mean,0.0676277134978524,0.004767364516522407,0.0019380331322807747,0.029469064469010854,-0.0422027795506501,-0.011489035764406517,13.847715799929574,True,1.0,1.5465861867541557e-05,0.9021296296296295,0.8119166666666666,"1,1,1,2"
A_tiny_N20_T60,tol_1e-5_ridge_1e-5,20,60,2000,1e-05,1e-05,30,1.0,349.7,351.5,375,8.320892083128284e-06,9.845628854585053e-06,4.063675467831333,4.419574518277827,0,0,lag_log_zhvi_mean,0.9269575458103243,0.00219461363546685,0.0017562141738485559,-0.04364443402671614,-0.019561963031388165,-0.013974162087446312,13.847715799929574,True,1.0,1.5465861867541557e-05,0.9021296296296295,0.8119166666666666,"1,1,1,2"
A_tiny_N20_T60,tol_1e-5_ridge_1e-5,20,60,2000,1e-05,1e-05,30,1.0,349.7,351.5,375,8.320892083128284e-06,9.845628854585053e-06,4.063675467831333,4.419574518277827,0,0,log_employment_mean,-8.696216021864771e-05,0.0008333333333333334,0.0008333333333333334,0.0005995770050900467,0.0,0.0,13.847715799929574,True,1.0,1.5465861867541557e-05,0.9021296296296295,0.8119166666666666,"1,1,1,2"
B_representative_N50_T100,baseline,50,100,600,1e-05,1e-06,30,0.0,600.0,600.0,600,0.01883632476870764,0.30406083880690427,16.866457152052636,18.73358345103185,30,0,asinh_permits_mean,0.07646245527204495,0.0024851838148803457,0.00437187066626292,0.0,0.0,0.0,45.0438853999367,True,1.0,1.5623041307571888e-05,0.9005555555555557,0.8105,"1,1,1,2"
B_representative_N50_T100,baseline,50,100,600,1e-05,1e-06,30,0.0,600.0,600.0,600,0.01883632476870764,0.30406083880690427,16.866457152052636,18.73358345103185,30,0,lag_log_zhvi_mean,0.9175737261301331,0.002678845417487013,0.004687229962666307,0.0,0.0,0.0,45.0438853999367,True,1.0,1.5623041307571888e-05,0.9005555555555557,0.8105,"1,1,1,2"
B_representative_N50_T100,baseline,50,100,600,1e-05,1e-06,30,0.0,600.0,600.0,600,0.01883632476870764,0.30406083880690427,16.866457152052636,18.73358345103185,30,0,log_employment_mean,8.307656949048328e-05,0.0002,0.0002,0.0,0.0,0.0,45.0438853999367,True,1.0,1.5623041307571888e-05,0.9005555555555557,0.8105,"1,1,1,2"
B_representative_N50_T100,maxiter_2000,50,100,2000,1e-05,1e-06,30,1.0,997.9666666666667,966.0,1434,8.576147912366353e-06,9.920740426878765e-06,16.866467383438984,18.735035831837166,0,0,asinh_permits_mean,0.07644040848412965,0.0024835959862697017,0.0043734655313400735,-2.2046787915300237e-05,-1.5878286106440175e-06,1.5948650771537357e-06,55.08753720007371,True,1.0,1.5623041307571888e-05,0.9005555555555557,0.8105,"1,1,1,2"
B_representative_N50_T100,maxiter_2000,50,100,2000,1e-05,1e-06,30,1.0,997.9666666666667,966.0,1434,8.576147912366353e-06,9.920740426878765e-06,16.866467383438984,18.735035831837166,0,0,lag_log_zhvi_mean,0.9175799878091722,0.0026793281518096347,0.004689246711627296,6.261679039054613e-06,4.827343226218063e-07,2.0167489609892314e-06,55.08753720007371,True,1.0,1.5623041307571888e-05,0.9005555555555557,0.8105,"1,1,1,2"
B_representative_N50_T100,maxiter_2000,50,100,2000,1e-05,1e-06,30,1.0,997.9666666666667,966.0,1434,8.576147912366353e-06,9.920740426878765e-06,16.866467383438984,18.735035831837166,0,0,log_employment_mean,8.321711581651785e-05,0.0002,0.0002,1.4054632603456433e-07,0.0,0.0,55.08753720007371,True,1.0,1.5623041307571888e-05,0.9005555555555557,0.8105,"1,1,1,2"
B_representative_N50_T100,tol_1e-5_ridge_1e-6,50,100,2000,1e-05,1e-06,30,1.0,997.9666666666667,966.0,1434,8.576147912366353e-06,9.920740426878765e-06,16.866467383438984,18.735035831837166,0,0,asinh_permits_mean,0.07644040848412965,0.0024835959862697017,0.0043734655313400735,-2.2046787915300237e-05,-1.5878286106440175e-06,1.5948650771537357e-06,77.32885319995694,True,1.0,1.5623041307571888e-05,0.9005555555555557,0.8105,"1,1,1,2"
B_representative_N50_T100,tol_1e-5_ridge_1e-6,50,100,2000,1e-05,1e-06,30,1.0,997.9666666666667,966.0,1434,8.576147912366353e-06,9.920740426878765e-06,16.866467383438984,18.735035831837166,0,0,lag_log_zhvi_mean,0.9175799878091722,0.0026793281518096347,0.004689246711627296,6.261679039054613e-06,4.827343226218063e-07,2.0167489609892314e-06,77.32885319995694,True,1.0,1.5623041307571888e-05,0.9005555555555557,0.8105,"1,1,1,2"
B_representative_N50_T100,tol_1e-5_ridge_1e-6,50,100,2000,1e-05,1e-06,30,1.0,997.9666666666667,966.0,1434,8.576147912366353e-06,9.920740426878765e-06,16.866467383438984,18.735035831837166,0,0,log_employment_mean,8.321711581651785e-05,0.0002,0.0002,1.4054632603456433e-07,0.0,0.0,77.32885319995694,True,1.0,1.5623041307571888e-05,0.9005555555555557,0.8105,"1,1,1,2"
B_representative_N50_T100,tol_1e-5_ridge_1e-5,50,100,2000,1e-05,1e-05,30,1.0,549.5,519.5,756,8.158433934065349e-06,9.97455453609218e-06,2.0326019813067555,2.2150216248388572,0,0,asinh_permits_mean,0.10060767381091397,0.0003544041613774552,0.0006471217644888318,0.024145218538869015,-0.0021307796535028904,-0.003724748901774088,52.95325509994291,True,1.0,1.5623041307571888e-05,0.9005555555555557,0.8105,"1,1,1,2"
B_representative_N50_T100,tol_1e-5_ridge_1e-5,50,100,2000,1e-05,1e-05,30,1.0,549.5,519.5,756,8.158433934065349e-06,9.97455453609218e-06,2.0326019813067555,2.2150216248388572,0,0,lag_log_zhvi_mean,0.8915656913943519,0.0003471427327713738,0.0006402967541474081,-0.02600803473578117,-0.002331702684715639,-0.004046933208518899,52.95325509994291,True,1.0,1.5623041307571888e-05,0.9005555555555557,0.8105,"1,1,1,2"
B_representative_N50_T100,tol_1e-5_ridge_1e-5,50,100,2000,1e-05,1e-05,30,1.0,549.5,519.5,756,8.158433934065349e-06,9.97455453609218e-06,2.0326019813067555,2.2150216248388572,0,0,log_employment_mean,1.8239161665490662e-05,0.0002,0.0002,-6.483740782499262e-05,0.0,0.0,52.95325509994291,True,1.0,1.5623041307571888e-05,0.9005555555555557,0.8105,"1,1,1,2"
C_full_time_N50,baseline,50,196,600,1e-05,1e-06,30,0.0,600.0,600.0,600,0.047801583049633035,0.4712670414700777,9.60233648969585,11.433759070081292,30,0,asinh_permits_mean,0.0561006790586108,0.0019030027138341181,0.00480380316364298,0.0,0.0,0.0,65.4009579999838,True,1.0,2.583715409662815e-05,0.9007596371882087,0.8106836734693876,"1,1,1,2"
C_full_time_N50,baseline,50,196,600,1e-05,1e-06,30,0.0,600.0,600.0,600,0.047801583049633035,0.4712670414700777,9.60233648969585,11.433759070081292,30,0,lag_log_zhvi_mean,0.9407213595270125,0.0020311321689374983,0.0050772728394017225,0.0,0.0,0.0,65.4009579999838,True,1.0,2.583715409662815e-05,0.9007596371882087,0.8106836734693876,"1,1,1,2"
C_full_time_N50,baseline,50,196,600,1e-05,1e-06,30,0.0,600.0,600.0,600,0.047801583049633035,0.4712670414700777,9.60233648969585,11.433759070081292,30,0,log_employment_mean,-1.651667894658808e-05,0.00010204081632653062,0.00010204081632653062,0.0,0.0,0.0,65.4009579999838,True,1.0,2.583715409662815e-05,0.9007596371882087,0.8106836734693876,"1,1,1,2"
C_full_time_N50,maxiter_2000,50,196,2000,1e-05,1e-06,30,1.0,1093.5333333333333,1050.5,1304,8.700962465207204e-06,9.996829734314942e-06,9.602806261330828,11.43385308524912,0,0,asinh_permits_mean,0.05613417549458695,0.001902652578020837,0.004800913172006053,3.349643597615193e-05,-3.501358132810672e-07,-2.8899916369269293e-06,125.36933360004332,True,1.0,2.583715409662815e-05,0.9007596371882087,0.8106836734693876,"1,1,1,2"
C_full_time_N50,maxiter_2000,50,196,2000,1e-05,1e-06,30,1.0,1093.5333333333333,1050.5,1304,8.700962465207204e-06,9.996829734314942e-06,9.602806261330828,11.43385308524912,0,0,lag_log_zhvi_mean,0.9406958474325456,0.002030776152853567,0.005075309260592524,-2.5512094466884072e-05,-3.5601608393146314e-07,-1.9635788091982784e-06,125.36933360004332,True,1.0,2.583715409662815e-05,0.9007596371882087,0.8106836734693876,"1,1,1,2"
C_full_time_N50,maxiter_2000,50,196,2000,1e-05,1e-06,30,1.0,1093.5333333333333,1050.5,1304,8.700962465207204e-06,9.996829734314942e-06,9.602806261330828,11.43385308524912,0,0,log_employment_mean,-1.6090140251098794e-05,0.00010204081632653062,0.00010204081632653062,4.2653869548928724e-07,0.0,0.0,125.36933360004332,True,1.0,2.583715409662815e-05,0.9007596371882087,0.8106836734693876,"1,1,1,2"
C_full_time_N50,tol_1e-5_ridge_1e-6,50,196,2000,1e-05,1e-06,30,1.0,1093.5333333333333,1050.5,1304,8.700962465207204e-06,9.996829734314942e-06,9.602806261330828,11.43385308524912,0,0,asinh_permits_mean,0.05613417549458695,0.001902652578020837,0.004800913172006053,3.349643597615193e-05,-3.501358132810672e-07,-2.8899916369269293e-06,43.297821999993175,True,1.0,2.583715409662815e-05,0.9007596371882087,0.8106836734693876,"1,1,1,2"
C_full_time_N50,tol_1e-5_ridge_1e-6,50,196,2000,1e-05,1e-06,30,1.0,1093.5333333333333,1050.5,1304,8.700962465207204e-06,9.996829734314942e-06,9.602806261330828,11.43385308524912,0,0,lag_log_zhvi_mean,0.9406958474325456,0.002030776152853567,0.005075309260592524,-2.5512094466884072e-05,-3.5601608393146314e-07,-1.9635788091982784e-06,43.297821999993175,True,1.0,2.583715409662815e-05,0.9007596371882087,0.8106836734693876,"1,1,1,2"
C_full_time_N50,tol_1e-5_ridge_1e-6,50,196,2000,1e-05,1e-06,30,1.0,1093.5333333333333,1050.5,1304,8.700962465207204e-06,9.996829734314942e-06,9.602806261330828,11.43385308524912,0,0,log_employment_mean,-1.6090140251098794e-05,0.00010204081632653062,0.00010204081632653062,4.2653869548928724e-07,0.0,0.0,43.297821999993175,True,1.0,2.583715409662815e-05,0.9007596371882087,0.8106836734693876,"1,1,1,2"
C_full_time_N50,tol_1e-5_ridge_1e-5,50,196,2000,1e-05,1e-05,30,1.0,551.4333333333333,530.5,732,8.641674443791638e-06,9.861517873661361e-06,1.4162463253446345,1.5266452495655658,0,0,asinh_permits_mean,0.09414479520700665,0.00028604476745133653,0.0007404666656098223,0.038044116148395854,-0.0016169579463827816,-0.004063336498033158,23.646761199925095,True,1.0,2.583715409662815e-05,0.9007596371882087,0.8106836734693876,"1,1,1,2"
C_full_time_N50,tol_1e-5_ridge_1e-5,50,196,2000,1e-05,1e-05,30,1.0,551.4333333333333,530.5,732,8.641674443791638e-06,9.861517873661361e-06,1.4162463253446345,1.5266452495655658,0,0,lag_log_zhvi_mean,0.9004931964133639,0.00029196212914769844,0.000774022486698358,-0.04022816311364863,-0.0017391700397897999,-0.0043032503527033646,23.646761199925095,True,1.0,2.583715409662815e-05,0.9007596371882087,0.8106836734693876,"1,1,1,2"
C_full_time_N50,tol_1e-5_ridge_1e-5,50,196,2000,1e-05,1e-05,30,1.0,551.4333333333333,530.5,732,8.641674443791638e-06,9.861517873661361e-06,1.4162463253446345,1.5266452495655658,0,0,log_employment_mean,1.7326594322902453e-06,0.00010204081632653062,0.00010204081632653062,1.8249338378878327e-05,0.0,0.0,23.646761199925095,True,1.0,2.583715409662815e-05,0.9007596371882087,0.8106836734693876,"1,1,1,2"
