scope,variable,count,number_of_msas,number_of_months,mean,standard_deviation,minimum,p1,p5,p10,p25,median,p75,p90,p95,p99,maximum,zero_count,missing_count
all_matched_observations,ZHVI all-homes SA,49661,206,270,206959.3408816437,107261.69219714169,49348.99715611694,81385.4400455738,100621.14668941493,111992.17140913727,135642.68744315061,175987.57821416573,243293.66824832256,339224.6636434497,413706.5387426554,611692.6294293285,893691.3277472038,0,0
all_matched_observations,permits units SA,49661,206,270,101038.37795151593,100973.02876465271,-90.125404575521,-0.14594091056956257,4.21891125190139,11.2786196879011,47.4602574847743,2025.58693700584,202103.0,202405.0,202506.0,202604.0,202606.0,0,0
all_matched_observations,employment thousands SA,49661,206,270,141.9113308229798,158.5337700985573,16.6,27.5,37.8,43.2,56.1,81.2,166.4,319.4,419.7,939.5,1221.9,0,0
all_vintage:at_least_120m,ZHVI all-homes SA,24250,194,125,249632.35307464912,121213.4191337879,76816.6438767935,95789.99384669955,116927.11947956451,136269.45858214857,167054.79597138305,218798.09537086816,294608.1984089582,403953.353587672,489978.04036733153,695411.8951748594,893691.3277472038,0,0
all_vintage:at_least_120m,permits units SA,24250,194,125,100430.09114817722,101108.44994131161,-78.5609617717921,0.967589251191951,8.430070214316782,15.58614049921775,56.550338075743724,1122.05635120214,202311.0,202506.0,202512.0,202605.0,202606.0,0,0
all_vintage:at_least_120m,employment thousands SA,24250,194,125,144.34007422680412,164.17022026085738,19.2,26.149,36.7,42.8,56.3,83.2,169.4,327.4,434.3,1058.031999999995,1221.9,0,0
all_vintage:at_least_180m,ZHVI all-homes SA,31668,174,182,221446.92554350526,111917.86174539497,49348.99715611694,81987.3190442216,103709.33793889332,117791.19751076598,144738.5739815547,192107.18516460643,263802.38522638613,366090.6812436399,443173.0262854736,614051.211232428,870668.4947126737,0,0
all_vintage:at_least_180m,permits units SA,31668,174,182,101179.46619292701,101050.69563741739,-90.125404575521,-0.057139687703779425,6.4005293799482725,14.301511202985582,57.757753968330526,102554.47608268443,202209.0,202412.0,202509.0,202605.0,202606.0,0,0
all_vintage:at_least_180m,employment thousands SA,31668,174,182,149.02555260831124,164.74520496770725,19.2,30.799999999999997,38.6,46.9,58.5,88.4,173.7,329.3599999999999,430.19999999999993,1030.7329999999997,1221.9,0,0
all_vintage:at_least_240m,ZHVI all-homes SA,29520,123,240,216705.21645655236,112025.79363414785,70773.62398823531,87590.17595994608,105923.32956623191,116222.13739381831,140016.57876129425,185029.5539125629,256023.57568244252,363493.3904909477,438431.39364447136,626670.8088416797,870668.4947126737,0,0
all_vintage:at_least_240m,permits units SA,29520,123,240,101126.2928951,100982.24835325686,-90.125404575521,-0.1290952979136627,5.149997161340649,13.70581165034565,65.5303642019458,102451.97608268443,202106.25,202406.1,202506.05,202604.0,202606.0,0,0
all_vintage:at_least_240m,employment thousands SA,29520,123,240,174.32290311653117,181.67477071201367,27.3,33.9,41.1,51.1,62.2,110.8,200.1,373.9,513.9,1116.9720000000016,1221.9,0,0
all_vintage:longest_feasible_common_window,ZHVI all-homes SA,26460,98,270,214545.14760028478,112706.27429920538,70773.62398823531,84187.94328400063,104373.12401285187,114534.73375581409,136704.30774196313,182800.90726148442,254462.52382958744,365634.964845175,438766.0516378496,622354.5687812195,870668.4947126737,0,0
all_vintage:longest_feasible_common_window,permits units SA,26460,98,270,101094.42434571606,100952.10620929186,-90.125404575521,-0.08228537056677623,4.840906354946867,13.826959373673379,70.1277262576963,102400.47608268443,202011.0,202403.09999999998,202505.0,202604.0,202606.0,0,0
all_vintage:longest_feasible_common_window,employment thousands SA,26460,98,270,184.40889266817837,188.44650107656983,27.3,32.8,39.6,53.6,67.1,126.7,213.3,378.6,519.3,1159.346,1221.9,0,0
all_vintage:pareto_01_200401_270m_98n,ZHVI all-homes SA,26460,98,270,214545.14760028478,112706.27429920538,70773.62398823531,84187.94328400063,104373.12401285187,114534.73375581409,136704.30774196313,182800.90726148442,254462.52382958744,365634.964845175,438766.0516378496,622354.5687812195,870668.4947126737,0,0
all_vintage:pareto_01_200401_270m_98n,permits units SA,26460,98,270,101094.42434571606,100952.10620929186,-90.125404575521,-0.08228537056677623,4.840906354946867,13.826959373673379,70.1277262576963,102400.47608268443,202011.0,202403.09999999998,202505.0,202604.0,202606.0,0,0
all_vintage:pareto_01_200401_270m_98n,employment thousands SA,26460,98,270,184.40889266817837,188.44650107656983,27.3,32.8,39.6,53.6,67.1,126.7,213.3,378.6,519.3,1159.346,1221.9,0,0
all_vintage:pareto_02_200405_266m_99n,ZHVI all-homes SA,26334,99,266,217369.44996028295,115320.59437392087,70773.62398823531,84501.28172885247,105155.62348829716,115110.399358354,137624.91006627903,185078.5583352395,258125.69757265228,372440.94123974675,444392.03713622014,649143.9259708523,870668.4947126737,0,0
all_vintage:pareto_02_200405_266m_99n,permits units SA,26334,99,266,101099.0819143001,100955.56729161207,-90.125404575521,-0.08161658607323609,4.99246681323733,14.12504238445069,71.65255519799825,102401.47608268443,202012.0,202404.0,202505.0,202604.0,202606.0,0,0
all_vintage:pareto_02_200405_266m_99n,employment thousands SA,26334,99,266,183.6367053998633,187.92887974334573,27.3,32.8,39.66500000000001,53.89999999999999,67.8,125.6,211.0,377.6700000000001,518.4,1158.667,1221.9,0,0
all_vintage:pareto_03_200408_263m_102n,ZHVI all-homes SA,26826,102,263,218846.67216771672,114884.18767554748,70773.62398823531,84921.39876650293,106005.1888613985,115811.69600686264,138889.63014146147,186960.99427920248,259810.3570438723,374547.4467692841,442665.87372175127,642507.609381039,870668.4947126737,0,0
all_vintage:pareto_03_200408_263m_102n,permits units SA,26826,102,263,100721.04048876006,100957.31342850806,-90.125404575521,-0.0793183606850814,5.1224866579156245,14.166020965384948,70.39495153131185,1487.93165432374,202101.0,202404.0,202505.0,202604.0,202606.0,0,0
all_vintage:pareto_03_200408_263m_102n,employment thousands SA,26826,102,263,185.86105643778424,191.73111967503334,27.3,32.9,40.0,52.7,66.0,123.9,213.77500000000003,392.5,561.45,1153.975,1221.9,0,0
all_vintage:pareto_04_200409_262m_103n,ZHVI all-homes SA,26986,103,262,218702.04301440163,114584.92533765125,70773.62398823531,85028.61280368417,106203.5576452244,115969.80088800419,139009.1105206294,186925.20702800385,259784.68348138497,373660.92664667673,442204.72180507414,641295.9941364939,870668.4947126737,0,0
all_vintage:pareto_04_200409_262m_103n,permits units SA,26986,103,262,101104.74605601004,100958.18868845962,-90.125404575521,-0.0602225722007463,5.3147480121087725,14.52640479136235,71.5886318295752,102402.47608268443,202101.0,202404.0,202505.0,202604.0,202606.0,0,0
all_vintage:pareto_04_200409_262m_103n,employment thousands SA,26986,103,262,184.63525531757207,191.2785036815526,27.3,32.9,40.3,52.3,64.9,122.1,211.1,390.8,557.075,1152.9,1221.9,0,0
all_vintage:pareto_05_200410_261m_104n,ZHVI all-homes SA,27144,104,261,218759.70699861256,114227.76799671749,70773.62398823531,85268.31802062181,106469.68452705423,116173.47008558846,139477.81098654505,186960.99427920248,259815.66188538005,372707.65799119306,441449.73499229987,640583.0252736516,870668.4947126737,0,0
all_vintage:pareto_05_200410_261m_104n,permits units SA,27144,104,261,100719.4536959616,100960.16059309624,-90.125404575521,-0.05899989945826858,5.368685386234739,14.50770207595974,70.1030230837932,1468.58480910401,202101.0,202404.0,202505.0,202604.0,202606.0,0,0
all_vintage:pareto_05_200410_261m_104n,employment thousands SA,27144,104,261,183.43058871205423,190.8273505436625,27.3,33.0,40.3,52.3,64.0,120.6,208.925,388.87000000000006,550.8,1150.6259999999995,1221.9,0,0
all_vintage:pareto_06_200411_260m_106n,ZHVI all-homes SA,27560,106,260,217572.4853536011,113814.20515214957,70773.62398823531,85589.34740696597,105554.45027612415,115716.83965039317,138781.52983646205,185924.21154575516,258459.38140819885,370842.8330234253,439826.7004650827,638644.1979715205,870668.4947126737,0,0
all_vintage:pareto_06_200411_260m_106n,permits units SA,27560,106,260,101105.68488136369,100961.45632504385,-90.125404575521,-0.07107199533224282,5.077449004964437,14.12419819416411,70.74924341998306,102402.97608268443,202101.25,202404.09999999998,202505.05000000002,202604.0,202606.0,0,0
all_vintage:pareto_06_200411_260m_106n,employment thousands SA,27560,106,260,182.2806748911466,189.48820878763684,27.3,33.159000000000006,40.5,52.1,63.5,120.6,206.125,383.9100000000002,541.9249999999996,1146.864,1221.9,0,0
all_vintage:pareto_07_200412_259m_107n,ZHVI all-homes SA,27713,107,259,216817.00663412278,113788.08555090241,70773.62398823531,85698.34461764898,105323.91088604237,115143.96824206118,137894.66274358265,185147.27581646093,257884.83304020585,369821.9288237479,439136.4603010174,638395.3216483154,870668.4947126737,0,0
all_vintage:pareto_07_200412_259m_107n,permits units SA,27713,107,259,100717.35188288294,100963.51616135523,-90.125404575521,-0.11530089836720973,4.488845343090128,13.23512209195708,69.1052603925455,1455.09702002221,202102.0,202405.0,202506.0,202604.0,202606.0,0,0
all_vintage:pareto_07_200412_259m_107n,employment thousands SA,27713,107,259,181.14209576732944,189.03906309422953,27.3,33.2,40.7,52.0,62.9,118.2,204.5,381.9799999999999,537.9399999999998,1145.7520000000004,1221.9,0,0
all_vintage:pareto_08_200501_258m_108n,ZHVI all-homes SA,27864,108,258,216287.2349668554,113682.68998156098,70773.62398823531,85776.62756313609,104903.88591974952,114601.6870225141,137517.89350811995,184803.45790425193,256897.2654694664,369156.40519131836,438605.9955780271,638329.6668089139,870668.4947126737,0,0
all_vintage:pareto_08_200501_258m_108n,permits units SA,27864,108,258,101106.77613663048,100964.64980832001,-90.125404575521,-0.08923591572155537,4.694965077944632,13.32337603118551,68.56347154593607,102403.47608268443,202102.0,202405.0,202506.0,202604.0,202606.0,0,0
all_vintage:pareto_08_200501_258m_108n,employment thousands SA,27864,108,258,179.8912539477462,188.68258313444343,27.3,33.3,40.0,51.0,62.5,116.2,202.9,380.2400000000001,536.0,1144.974,1221.9,0,0
all_vintage:pareto_09_200502_257m_110n,ZHVI all-homes SA,28270,110,257,216643.80138932008,114344.5533331387,70773.62398823531,86051.39517998887,104022.93166535918,114192.62124801916,137292.14172158611,184992.4739224601,257389.34621957064,370197.4967889329,441518.6265669486,637768.7368500447,870668.4947126737,0,0
all_vintage:pareto_09_200502_257m_110n,permits units SA,28270,110,257,100715.2385448354,100966.8980186926,-90.125404575521,-0.08231847598750587,4.816954373688624,13.37741319231417,66.552529158455,1441.85591205231,202102.0,202405.0,202506.0,202604.0,202606.0,0,0
all_vintage:pareto_09_200502_257m_110n,employment thousands SA,28270,110,257,177.7831057658295,187.67288503472807,27.3,33.4,40.3,51.3,62.1,112.6,200.975,377.7100000000002,531.5199999999998,1141.0300000000038,1221.9,0,0
all_vintage:pareto_10_200505_254m_111n,ZHVI all-homes SA,28194,111,254,217085.01897569056,114203.70728027725,70773.62398823531,86441.68319934703,104372.50488002275,114625.56319557477,137906.50269045238,185371.4680795526,257924.32145131545,370131.76812237565,441563.494916931,637977.1029527645,870668.4947126737,0,0
all_vintage:pareto_10_200505_254m_111n,permits units SA,28194,111,254,101110.22783303361,100969.96601032138,-90.125404575521,-0.06905178526672782,4.985318409337558,13.757240100053362,66.68760901914148,102404.47608268443,202103.0,202405.0,202506.0,202604.0,202606.0,0,0
all_vintage:pareto_10_200505_254m_111n,employment thousands SA,28194,111,254,177.40114208696886,187.03890306470174,27.3,33.4,40.3,51.39999999999999,62.3,114.0,199.6,376.77000000000004,528.7399999999994,1137.707,1221.9,0,0
all_vintage:pareto_11_200506_253m_113n,ZHVI all-homes SA,28589,113,253,217302.62551283423,113582.49069864006,70773.62398823531,86751.3563146103,104774.68440364646,115006.83820497875,138797.87428345912,185789.12661694558,258127.80041394252,368044.0804592335,440061.0519243585,636525.6157519438,870668.4947126737,0,0
all_vintage:pareto_11_200506_253m_113n,permits units SA,28589,113,253,100713.91449902201,100970.86419007137,-90.125404575521,-0.1600558091066135,4.827760392443018,13.45210380132928,66.3528551727034,1426.24094224575,202103.0,202405.0,202506.0,202604.0,202606.0,0,0
all_vintage:pareto_11_200506_253m_113n,employment thousands SA,28589,113,253,178.57651544300256,186.52221128316395,27.3,33.6,40.5,51.6,62.5,114.0,202.1,380.4200000000001,526.3599999999998,1136.924,1221.9,0,0
all_vintage:pareto_12_200507_252m_116n,ZHVI all-homes SA,29232,116,252,217066.35290928266,112737.7695737969,70773.62398823531,86703.14288931261,104884.50929942174,115182.52507948483,139151.91964566938,186043.02913381616,258088.5600497727,364538.622961482,437689.93219347263,631432.2791015971,870668.4947126737,0,0
all_vintage:pareto_12_200507_252m_116n,permits units SA,29232,116,252,101113.00202302226,100971.61553329913,-90.125404575521,-0.15758616859578525,4.980616612388268,13.554404414245493,65.94254282105429,102448.97608268443,202103.25,202405.0,202506.0,202604.0,202606.0,0,0
all_vintage:pareto_12_200507_252m_116n,employment thousands SA,29232,116,252,177.1017891351943,184.86389000616302,27.3,33.7,40.7,51.3,62.4,112.7,202.82500000000002,377.5,522.2899999999994,1130.103999999998,1221.9,0,0
all_vintage:pareto_13_200508_251m_118n,ZHVI all-homes SA,29618,118,251,216885.7306248138,112078.1126101325,70773.62398823531,86900.46719506872,105133.3695604826,115498.5276949665,139845.14969663188,185661.20303925616,257757.9030781053,362812.28412126977,436079.1112712899,629583.4044904001,870668.4947126737,0,0
all_vintage:pareto_13_200508_251m_118n,permits units SA,29618,118,251,100712.2493834205,100973.11337127516,-90.125404575521,-0.14528623008982136,5.070489319252865,13.7620839737103,66.48471832307189,1422.93033924928,202104.0,202405.0,202506.0,202604.0,202606.0,0,0
all_vintage:pareto_13_200508_251m_118n,employment thousands SA,29618,118,251,175.49980079681274,183.80335218836555,27.3,33.717000000000006,40.8,50.7,62.1,111.55,201.17499999999998,375.2,519.8,1123.414999999999,1221.9,0,0
all_vintage:pareto_14_200509_250m_120n,ZHVI all-homes SA,30000,120,250,216928.86298831718,112336.74211450428,70773.62398823531,87062.9751407917,105363.86217840681,115453.79368383091,139640.80691282914,185573.69498681772,257606.8626044944,363768.81760230474,438824.03218107746,628274.5907118587,870668.4947126737,0,0
all_vintage:pareto_14_200509_250m_120n,permits units SA,30000,120,250,101116.96877987834,100971.45991529472,-90.125404575521,-0.13419139380701608,5.275421679189738,14.191890975288612,68.00750049024275,102449.47608268443,202104.0,202405.1,202506.0,202604.0,202606.0,0,0
all_vintage:pareto_14_200509_250m_120n,employment thousands SA,30000,120,250,175.99061666666665,183.0009556530932,27.3,33.8,41.0,50.9,62.4,111.6,202.9,375.5100000000002,517.5049999999999,1121.3059999999991,1221.9,0,0
all_vintage:pareto_15_200510_249m_121n,ZHVI all-homes SA,30129,121,249,216563.6873551076,112121.98908836555,70773.62398823531,87158.09063093337,105503.41045607119,115555.59807395792,139451.84148220022,185251.04792900078,256719.2678376556,363117.91986957466,438134.1439045896,627690.0852003918,870668.4947126737,0,0
all_vintage:pareto_15_200510_249m_121n,permits units SA,30129,121,249,100712.89966707872,100973.1003933255,-90.125404575521,-0.1289029060480632,5.291582857636531,14.040582688789621,66.4155924038965,1413.15097631026,202104.0,202406.0,202506.0,202604.0,202606.0,0,0
all_vintage:pareto_15_200510_249m_121n,employment thousands SA,30129,121,249,175.57243519532676,182.35490292084853,27.3,33.8,41.0,51.0,62.5,112.7,202.2,374.7200000000001,515.8599999999998,1119.948000000001,1221.9,0,0
all_vintage:pareto_16_200512_247m_122n,ZHVI all-homes SA,30134,122,247,216458.5926393156,111892.81926419168,70773.62398823531,87301.23657521911,105564.98740783443,115810.70028548731,139905.39278321702,185061.02215852973,255936.85238957245,362735.61457131454,437826.3271826472,627127.7228640099,870668.4947126737,0,0
all_vintage:pareto_16_200512_247m_122n,permits units SA,30134,122,247,100711.18386477596,100975.4683320271,-90.125404575521,-0.15234803882623232,4.923854697823638,13.405531833879639,65.43434579476113,1411.316251956115,202105.0,202406.0,202506.0,202604.0,202606.0,0,0
all_vintage:pareto_16_200512_247m_122n,employment thousands SA,30134,122,247,174.6399913718723,182.0278519991052,27.3,33.9,41.1,51.0,62.1,111.6,201.3,374.1,514.8349999999998,1117.4009999999994,1221.9,0,0
all_vintage:pareto_17_200607_240m_123n,ZHVI all-homes SA,29520,123,240,216705.21645655236,112025.79363414785,70773.62398823531,87590.17595994608,105923.32956623191,116222.13739381831,140016.57876129425,185029.5539125629,256023.57568244252,363493.3904909477,438431.39364447136,626670.8088416797,870668.4947126737,0,0
all_vintage:pareto_17_200607_240m_123n,permits units SA,29520,123,240,101126.2928951,100982.24835325686,-90.125404575521,-0.1290952979136627,5.149997161340649,13.70581165034565,65.5303642019458,102451.97608268443,202106.25,202406.1,202506.05,202604.0,202606.0,0,0
all_vintage:pareto_17_200607_240m_123n,employment thousands SA,29520,123,240,174.32290311653117,181.67477071201367,27.3,33.9,41.1,51.1,62.2,110.8,200.1,373.9,513.9,1116.9720000000016,1221.9,0,0
all_vintage:pareto_18_200608_239m_125n,ZHVI all-homes SA,29875,125,239,215921.2635317143,111560.6430108702,70773.62398823531,87731.11049205225,105424.75126014298,116138.83726781375,139774.19730711333,184163.9356201261,254588.60218076775,361562.9041256652,436841.13498671167,624765.2318540873,870668.4947126737,0,0
all_vintage:pareto_18_200608_239m_125n,permits units SA,29875,125,239,100704.97069029276,100984.33469312116,-90.125404575521,-0.11823282513988491,5.250649485441715,13.657796966847421,63.7072175171392,1387.48316697638,202107.0,202407.0,202507.0,202604.0,202606.0,0,0
all_vintage:pareto_18_200608_239m_125n,employment thousands SA,29875,125,239,172.17995648535566,181.07482090510138,18.1,28.4,39.6,50.3,61.55,109.6,197.75,372.5,512.6,1112.5899999999976,1221.9,0,0
all_vintage:pareto_19_200609_238m_126n,ZHVI all-homes SA,29988,126,238,216918.9664420532,111808.06289223126,70773.62398823531,87846.78741620894,105516.2832069319,116244.91234178272,140070.31110181747,185261.04741444354,257501.15978624008,363682.2705940532,438802.01225792,624314.7714763297,870668.4947126737,0,0
all_vintage:pareto_19_200609_238m_126n,permits units SA,29988,126,238,101127.48300234064,100985.22367075854,-90.125404575521,-0.08224254024384532,5.4242698255581425,13.97558391970809,65.13834824325053,102452.47608268443,202107.0,202407.0,202507.0,202604.0,202606.0,0,0
all_vintage:pareto_19_200609_238m_126n,employment thousands SA,29988,126,238,171.71662665066026,180.48095546702186,18.1,28.4,39.7,50.4,61.6,109.6,196.525,370.9299999999999,512.1299999999997,1110.4080000000017,1221.9,0,0
all_vintage:pareto_20_200611_236m_127n,ZHVI all-homes SA,29972,127,236,216671.57443980008,111636.26906705447,70773.62398823531,87866.9991762028,105551.67213613685,116422.35636838629,139963.38957122498,185010.01436680008,256755.22992466242,363297.75306306034,438432.6178325324,623931.2612748025,870668.4947126737,0,0
all_vintage:pareto_20_200611_236m_127n,permits units SA,29972,127,236,101130.07986136839,100986.88407553638,-90.125404575521,-0.06490259331003789,5.55840783706822,14.148175066596531,66.34468568180426,102452.97608268443,202107.25,202407.0,202507.0,202604.0,202606.0,0,0
all_vintage:pareto_20_200611_236m_127n,employment thousands SA,29972,127,236,171.64609302015214,179.8570947088724,18.1,28.470999999999997,39.8,50.6,61.7,110.2,194.82500000000002,370.0,511.2,1109.6870000000001,1221.9,0,0
all_vintage:pareto_21_200707_228m_128n,ZHVI all-homes SA,29184,128,228,218518.63975735303,113208.2378469252,70773.62398823531,87743.2911025385,105705.54081929043,116677.6042011778,140902.81046685332,186308.71687248128,258689.39537836963,368689.55894126586,444528.123302166,623909.6724613105,870668.4947126737,0,0
all_vintage:pareto_21_200707_228m_128n,permits units SA,29184,128,228,101139.68874057985,100995.00633532087,-90.125404575521,-0.06205493586385205,5.830769172739583,14.465324432104001,68.16273871082811,102498.97608268443,202109.25,202408.0,202507.0,202604.0,202606.0,0,0
all_vintage:pareto_21_200707_228m_128n,employment thousands SA,29184,128,228,170.99907140899123,179.70874383359006,18.4,28.482999999999997,39.8,50.7,61.6,109.7,193.8,369.4,509.69999999999993,1109.6509999999994,1221.9,0,0
all_vintage:pareto_22_200708_227m_129n,ZHVI all-homes SA,29283,129,227,218254.73694927996,113043.50808201946,70773.62398823531,87840.94564809845,105920.26937706501,116739.6827967132,140633.99395609874,186091.25101860077,258535.6762953571,367758.54810655897,444171.5781015467,623728.3675496157,870668.4947126737,0,0
all_vintage:pareto_22_200708_227m_129n,permits units SA,29283,129,227,100696.62367107417,100995.99034169447,-90.125404575521,-0.06078534579477095,5.864505587838116,14.51775906936762,68.30743296892985,1375.12536376639,202110.0,202408.0,202507.0,202604.0,202606.0,0,0
all_vintage:pareto_22_200708_227m_129n,employment thousands SA,29283,129,227,171.33716149301642,179.08703914486665,18.4,28.582,39.8,50.8,61.7,110.2,197.1,368.3,508.9899999999998,1108.7620000000002,1221.9,0,0
all_vintage:pareto_23_200712_223m_130n,ZHVI all-homes SA,28990,130,223,218418.50878613416,113088.221205512,70773.62398823531,87713.75103183878,106019.31105408502,116953.92509255826,141135.15107384676,186148.9202326585,258354.01133851035,368790.2277858808,444621.3051371806,623720.8360559042,870668.4947126737,0,0
all_vintage:pareto_23_200712_223m_130n,permits units SA,28990,130,223,100692.35254730491,101000.05922023591,-90.125404575521,-0.14505602815815824,5.331678352938663,14.082971319148601,67.5573841757314,1366.36067296635,202111.0,202408.0,202507.0,202604.0,202606.0,0,0
all_vintage:pareto_23_200712_223m_130n,employment thousands SA,28990,130,223,170.63872369782683,178.77145911502262,18.4,28.6,39.9,50.9,61.8,109.7,195.6,367.5100000000002,507.6549999999999,1108.1550000000002,1221.9,0,0
all_vintage:pareto_24_200802_221m_131n,ZHVI all-homes SA,28951,131,221,218254.03729470738,113052.41581628748,70773.62398823531,87739.70080241616,106147.5005377977,117132.01373510463,140918.4747482323,185970.9275134113,257907.2373702745,368611.8293933614,444616.5455021597,623762.7972351541,870668.4947126737,0,0
all_vintage:pareto_24_200802_221m_131n,permits units SA,28951,131,221,100690.19009743995,101002.09732018791,-90.125404575521,-0.1347684156801435,5.500110802010825,14.2354271140323,67.74210222765794,1357.59598216631,202111.0,202408.0,202507.0,202604.0,202606.0,0,0
all_vintage:pareto_24_200802_221m_131n,employment thousands SA,28951,131,221,169.98170702220995,178.34243739472333,18.6,28.7,40.0,50.9,61.8,109.1,194.4,366.6,506.5,1106.75,1221.9,0,0
all_vintage:pareto_25_200803_220m_133n,ZHVI all-homes SA,29260,133,220,218123.32677695426,112595.61696142782,70773.62398823531,87873.96706515359,106493.34921845669,117452.02955984694,141391.17378929254,185833.8587514757,257755.6056204926,366639.984306503,443251.81864001404,622703.8086331025,870668.4947126737,0,0
all_vintage:pareto_25_200803_220m_133n,permits units SA,29260,133,220,101146.72420840501,101003.59674147423,-90.125404575521,-0.1790704841044672,5.330897182945903,14.19808589779955,68.03179554371116,102500.97608268443,202111.25,202408.1,202507.05,202604.0,202606.0,0,0
all_vintage:pareto_25_200803_220m_133n,employment thousands SA,29260,133,220,169.20665071770333,177.2838334102451,18.8,28.8,40.295,51.1,61.8,109.1,192.9,364.5100000000002,501.9049999999999,1104.741,1221.9,0,0
all_vintage:pareto_26_200805_218m_134n,ZHVI all-homes SA,29212,134,218,217637.6403005562,112871.09443651093,49348.99715611694,83755.7658046168,105280.17698383718,116874.77039168005,140955.1836054873,185439.06727930642,257390.0914688042,366557.2517631976,443260.8781122591,622808.7277894473,870668.4947126737,0,0
all_vintage:pareto_26_200805_218m_134n,permits units SA,29212,134,218,101148.51008258585,101005.87767466821,-90.125404575521,-0.1541405186293593,5.48517305872031,14.345137853195553,67.24663036237709,102501.47608268443,202112.0,202409.0,202508.0,202604.0,202606.0,0,0
all_vintage:pareto_26_200805_218m_134n,employment thousands SA,29212,134,218,169.00923935369028,176.72055327771636,18.8,28.9,40.3,51.2,61.9,109.6,192.3,364.0,500.2,1104.3899999999994,1221.9,0,0
all_vintage:pareto_27_200806_217m_137n,ZHVI all-homes SA,29729,137,217,216699.69935734515,112532.35889946304,49348.99715611694,83215.8019996174,104312.40483701191,116330.60219058466,140281.64274947575,184590.8213952056,255873.59169695634,364720.5588813111,441518.73546220677,621547.2045935128,870668.4947126737,0,0
all_vintage:pareto_27_200806_217m_137n,permits units SA,29729,137,217,100683.943741907,101007.99899661833,-90.125404575521,-0.17959633806022388,5.073458113838315,13.570917327304523,65.0070353182098,1346.43029991873,202112.0,202409.0,202508.0,202604.0,202606.0,0,0
all_vintage:pareto_27_200806_217m_137n,employment thousands SA,29729,137,217,166.5727841501564,175.5917494227475,18.8,29.0,40.5,50.6,61.4,108.1,190.0,361.2,496.5599999999999,1095.7320000000009,1221.9,0,0
all_vintage:pareto_28_200807_216m_139n,ZHVI all-homes SA,30024,139,216,216893.11323181004,112257.84223313662,49348.99715611694,83443.46340480726,104706.30064453415,116567.67369565993,140334.20222823182,185181.61225780693,256233.936476555,365308.7842964651,440358.0577533763,620446.971946774,870668.4947126737,0,0
all_vintage:pareto_28_200807_216m_139n,permits units SA,30024,139,216,101148.76549225522,101009.7024927144,-90.125404575521,-0.1407346358604083,5.277784277358664,13.97588741823222,64.00338605871278,102501.97608268443,202134.25,202409.0,202508.0,202604.0,202606.0,0,0
all_vintage:pareto_28_200807_216m_139n,employment thousands SA,30024,139,216,164.8103617106315,174.98994842364877,18.8,29.0,39.2,49.10000000000001,60.9,106.7,188.7,359.7700000000001,484.0,1092.1320000000007,1221.9,0,0
all_vintage:pareto_29_200811_212m_140n,ZHVI all-homes SA,29680,140,212,217407.29991002247,112532.54580548851,49348.99715611694,83504.34682484351,104861.76878209795,116725.58563172346,140717.29414314457,185439.06727930642,257275.4780257357,366205.0922904019,441425.2749413557,621617.3726682129,870668.4947126737,0,0
all_vintage:pareto_29_200811_212m_140n,permits units SA,29680,140,212,101152.86489138404,101014.08839542001,-90.125404575521,-0.10925057097321828,5.39734933603933,13.836715699673551,63.63982479197419,102502.97608268443,202201.25,202409.0,202508.0,202604.0,202606.0,0,0
all_vintage:pareto_29_200811_212m_140n,employment thousands SA,29680,140,212,164.07804245283018,174.8131011689826,18.8,29.0,39.3,48.3,60.6,105.6,188.1,359.2,482.80499999999995,1091.2359999999985,1221.9,0,0
all_vintage:pareto_30_200812_211m_142n,ZHVI all-homes SA,29962,142,211,218116.09082182098,113036.01029195468,49348.99715611694,83704.75738167019,105108.68558664118,116980.6563692204,141005.89865349446,185741.48426872096,257795.41342507862,367920.1134782009,444730.27453637257,620679.2812468312,870668.4947126737,0,0
all_vintage:pareto_30_200812_211m_142n,permits units SA,29962,142,211,100677.77327330194,101013.63566190169,-90.125404575521,-0.08958891926144341,5.501683365431516,14.008141683004585,64.871051588191,1320.7948079973198,202202.0,202409.0,202508.0,202604.0,202606.0,0,0
all_vintage:pareto_30_200812_211m_142n,employment thousands SA,29962,142,211,165.01049662906348,174.86795100494814,18.8,29.161,39.4,48.3,60.7,105.6,189.3,363.59000000000015,476.68999999999943,1088.578,1221.9,0,0
all_vintage:pareto_31_200901_210m_160n,ZHVI all-homes SA,33600,160,210,214686.19504467485,109513.09334949397,49348.99715611694,82907.54329100317,103639.55167272073,116100.43233944244,140393.76429458003,183708.50839543584,254263.8103760733,355975.33244827914,433045.4831998001,608989.9832397015,870668.4947126737,0,0
all_vintage:pareto_31_200901_210m_160n,permits units SA,33600,160,210,101151.74551708483,101019.33931539566,-90.125404575521,-0.05776118343846037,6.1006517417142145,14.60804246967629,60.69361460498845,102503.47608268443,202202.0,202409.1,202508.0,202604.0,202606.0,0,0
all_vintage:pareto_31_200901_210m_160n,employment thousands SA,33600,160,210,155.37381845238096,167.23885595418335,18.8,30.2,38.8,48.1,60.4,96.7,178.525,340.3,437.9,1043.9070000000015,1221.9,0,0
all_vintage:pareto_32_200902_209m_162n,ZHVI all-homes SA,33858,162,209,214086.7799493077,109410.09465937687,49348.99715611694,79609.34647435139,102333.39213779598,115589.4803019246,140265.31235400136,183162.98048723518,253491.34848210588,355245.52280392655,432351.0737396421,608287.8832280848,870668.4947126737,0,0
all_vintage:pareto_32_200902_209m_162n,permits units SA,33858,162,209,100669.87220946675,101021.10497670597,-90.125404575521,-0.11648597234838609,5.770462142867034,14.032221609442804,58.91243975259855,1284.792430034355,202202.0,202410.0,202508.0,202604.0,202606.0,0,0
all_vintage:pareto_32_200902_209m_162n,employment thousands SA,33858,162,209,154.1671244609841,166.63065344308828,18.8,30.300000000000004,38.9,48.1,59.9,95.5,177.9,339.6,436.1,1035.4750000000008,1221.9,0,0
all_vintage:pareto_33_200903_208m_163n,ZHVI all-homes SA,33904,163,208,214247.4218359677,109270.87055959263,49348.99715611694,79647.34770916987,102597.29976233811,115740.57739642568,140582.85943786445,183491.1635544354,253766.19450074795,355138.7687394592,432256.18309976225,608001.3870985119,870668.4947126737,0,0
all_vintage:pareto_33_200903_208m_163n,permits units SA,33904,163,208,101153.01513476745,101022.46823816455,-90.125404575521,-0.09982602191820593,5.893002436853533,14.110725335835639,58.97258439252273,102503.97608268443,202202.25,202410.0,202508.0,202604.0,202606.0,0,0
all_vintage:pareto_33_200903_208m_163n,employment thousands SA,33904,163,208,153.63865620575743,166.3350478603003,18.8,30.3,39.0,48.2,59.9,94.8,177.6,339.0,435.58499999999987,1032.7850000000005,1221.9,0,0
all_vintage:pareto_34_200907_204m_165n,ZHVI all-homes SA,33660,165,204,215080.96321702396,109456.87653425676,49348.99715611694,79803.35559515083,103043.60519371781,116188.19286096623,140991.8926582947,184831.28197742614,254962.8621601653,356232.1008678447,432895.1830625707,608846.1032546478,870668.4947126737,0,0
all_vintage:pareto_34_200907_204m_165n,permits units SA,33660,165,204,101157.7422656998,101026.80762887593,-90.125404575521,-0.08994192280133145,6.1006517417142145,14.41296216288702,60.71066053261102,102548.97608268443,202203.25,202410.0,202508.0,202604.0,202606.0,0,0
all_vintage:pareto_34_200907_204m_165n,employment thousands SA,33660,165,204,152.75148841354724,165.8843174345093,19.1,30.4,39.19500000000001,48.5,59.8,92.65,177.0,338.1,434.70499999999987,1032.122999999999,1221.9,0,0
all_vintage:pareto_35_200909_202m_166n,ZHVI all-homes SA,33532,166,202,215802.50321106508,109516.4226664449,49348.99715611694,79920.73415587658,103206.75747390802,116421.48552189248,141587.6942875942,186013.32620384803,255936.14418558244,356574.24595336645,433147.7679555989,609273.4306412983,870668.4947126737,0,0
all_vintage:pareto_35_200909_202m_166n,permits units SA,33532,166,202,101159.55237104239,101028.78103047304,-90.125404575521,-0.08267565619270817,6.239406340294357,14.588641008049802,60.6485483972502,102549.47608268443,202204.0,202410.0,202508.0,202604.0,202606.0,0,0
all_vintage:pareto_35_200909_202m_166n,employment thousands SA,33532,166,202,152.3611326494095,165.65887135673262,19.1,30.431,39.2,48.6,59.9,91.5,176.8,336.7,434.2,1031.6280000000029,1221.9,0,0
all_vintage:pareto_36_200911_200m_167n,ZHVI all-homes SA,33400,167,200,216271.4663408579,109506.5734728436,49348.99715611694,80252.42463166063,103459.7572319241,116655.49901338894,142148.6697812517,186539.62609122333,256569.30342645687,356758.57260721363,433552.8624044324,609631.790680096,870668.4947126737,0,0
all_vintage:pareto_36_200911_200m_167n,permits units SA,33400,167,200,101161.23622951473,101030.94666131896,-90.125404575521,-0.10039305238371964,6.168709196226735,14.257417144489072,60.12279421798955,102549.97608268443,202204.25,202410.1,202508.05000000002,202604.01,202606.0,0,0
all_vintage:pareto_36_200911_200m_167n,employment thousands SA,33400,167,200,151.86826946107786,165.50561517154705,19.2,30.5,39.3,48.3,59.7,90.6,176.4,336.1,433.50499999999994,1030.8120000000024,1221.9,0,0
all_vintage:pareto_37_200912_199m_168n,ZHVI all-homes SA,33432,168,199,217607.6542830026,110491.014855012,49348.99715611694,80474.1254618553,103642.45728290401,116859.14844212135,142500.24907530777,187427.37106034296,258811.08519379993,360078.7474531046,437219.6275228377,609558.9469975444,870668.4947126737,0,0
all_vintage:pareto_37_200912_199m_168n,permits units SA,33432,168,199,100655.17780495698,101031.94263345594,-90.125404575521,-0.14109540521854266,6.02012706497651,14.026671729615003,58.96482656607045,1266.6362818643502,202205.0,202411.0,202509.0,202605.0,202606.0,0,0
all_vintage:pareto_37_200912_199m_168n,employment thousands SA,33432,168,199,151.27894831299352,165.30485191155992,19.2,30.5,39.2,47.7,59.4,90.0,176.0,334.1700000000004,432.6,1030.0800000000047,1221.9,0,0
all_vintage:pareto_38_201001_198m_169n,ZHVI all-homes SA,33462,169,198,217161.02699390103,110729.52596186654,49348.99715611694,80261.7555254128,101890.37892061131,116058.20236150242,141976.57914225932,187069.55778695934,258697.99930615982,360002.72410200036,436948.74555748113,609490.9914810779,870668.4947126737,0,0
all_vintage:pareto_38_201001_198m_169n,permits units SA,33462,169,198,101162.6342946476,101033.45648388573,-90.125404575521,-0.1597655986490092,5.642483975568641,13.762008253663499,58.94647176538756,102550.47608268443,202205.0,202411.0,202509.0,202605.0,202606.0,0,0
all_vintage:pareto_38_201001_198m_169n,employment thousands SA,33462,169,198,150.74928575697805,165.07271952891475,19.2,30.5,39.2,47.6,59.1,89.6,175.6,332.1800000000003,431.7949999999997,1026.686999999998,1221.9,0,0
all_vintage:pareto_39_201002_197m_170n,ZHVI all-homes SA,33490,170,197,217204.6819080091,110647.40922820181,49348.99715611694,80308.44823068628,102100.88363224056,116237.38946690944,141957.9288262133,187145.60184499423,258571.58753941904,359826.4173728384,436932.57562583056,609427.5663323766,870668.4947126737,0,0
all_vintage:pareto_39_201002_197m_170n,permits units SA,33490,170,197,100651.58455208593,101034.32093652121,-90.125404575521,-0.1623498337481251,5.647816974587752,13.76197170830273,58.206094392770176,1260.891278030645,202205.0,202411.0,202509.0,202605.0,202606.0,0,0
all_vintage:pareto_39_201002_197m_170n,employment thousands SA,33490,170,197,150.22679605852494,164.84203607838467,19.2,30.589,39.2,47.6,58.9,89.1,175.1,331.0,431.4,1025.133,1221.9,0,0
all_vintage:pareto_40_201008_191m_171n,ZHVI all-homes SA,32661,171,191,219061.37202848215,111263.52441007695,49348.99715611694,80862.15140325594,102956.81624858432,116873.76387407347,143155.64648810826,188925.4419520298,260436.79598872477,362742.1316585785,439819.48482010723,611370.9212934207,870668.4947126737,0,0
all_vintage:pareto_40_201008_191m_171n,permits units SA,32661,171,191,100641.76243049814,101040.3375465044,-90.125404575521,-0.08235644385933613,5.92404541498116,13.9155188336459,58.0809502451614,1248.42476776285,202207.0,202411.0,202509.0,202605.0,202606.0,0,0
all_vintage:pareto_40_201008_191m_171n,employment thousands SA,32661,171,191,149.9661614769909,165.04562348343828,19.2,30.7,38.5,47.3,58.7,88.8,175.0,331.0,431.4,1029.500000000003,1221.9,0,0
all_vintage:pareto_41_201009_190m_172n,ZHVI all-homes SA,32680,172,190,219457.81018889768,111130.4108530873,49348.99715611694,81014.9034200637,103154.58157400192,117104.56311988788,143563.98604056842,189769.55152767105,261027.68070008353,362628.55721081217,439790.995112979,611341.3356784596,870668.4947126737,0,0
all_vintage:pareto_41_201009_190m_172n,permits units SA,32680,172,190,101170.59537320375,101041.89351046857,-90.125404575521,-0.06939858708945698,6.095570092548985,13.95214547666893,58.218231027153074,102552.47608268443,202207.0,202411.09999999998,202509.0,202605.0,202606.0,0,0
all_vintage:pareto_41_201009_190m_172n,employment thousands SA,32680,172,190,149.3946358629131,164.85346372171114,19.2,30.7,38.4,46.8,58.5,88.15,174.3,330.11000000000024,431.0,1026.0929999999971,1221.9,0,0
all_vintage:pareto_42_201104_183m_173n,ZHVI all-homes SA,31659,173,183,221519.67647327253,111938.14622008777,49348.99715611694,81769.3185199328,103552.53215596391,117674.09782689014,144826.3297019704,192311.99189087775,263929.0450499464,366196.9235222897,443184.8196686758,614118.6162258437,870668.4947126737,0,0
all_vintage:pareto_42_201104_183m_173n,permits units SA,31659,173,183,100627.41838000999,101049.05674220124,-90.125404575521,-0.058370692717570255,6.287832416504669,14.106504484179261,57.46132932732975,1235.4704504508,202209.0,202412.0,202509.0,202605.0,202606.0,0,0
all_vintage:pareto_42_201104_183m_173n,employment thousands SA,31659,173,183,149.29173062952086,165.08759066222657,19.2,30.758,38.6,46.8,58.4,87.8,174.3,330.2200000000001,431.10999999999984,1031.3039999999978,1221.9,0,0
all_vintage:pareto_43_201105_182m_174n,ZHVI all-homes SA,31668,174,182,221446.92554350526,111917.86174539497,49348.99715611694,81987.3190442216,103709.33793889332,117791.19751076598,144738.5739815547,192107.18516460643,263802.38522638613,366090.6812436399,443173.0262854736,614051.211232428,870668.4947126737,0,0
all_vintage:pareto_43_201105_182m_174n,permits units SA,31668,174,182,101179.46619292701,101050.69563741739,-90.125404575521,-0.057139687703779425,6.4005293799482725,14.301511202985582,57.757753968330526,102554.47608268443,202209.0,202412.0,202509.0,202605.0,202606.0,0,0
all_vintage:pareto_43_201105_182m_174n,employment thousands SA,31668,174,182,149.02555260831124,164.74520496770725,19.2,30.799999999999997,38.6,46.9,58.5,88.4,173.7,329.3599999999999,430.19999999999993,1030.7329999999997,1221.9,0,0
all_vintage:pareto_44_201201_174m_175n,ZHVI all-homes SA,30450,175,174,224501.484984246,112659.00091154662,49348.99715611694,83023.37164428429,105259.02664241064,120169.63876869773,147241.77331761768,195567.52830514492,267616.86178301915,370974.807089843,448293.5094262479,619832.7072277754,870668.4947126737,0,0
all_vintage:pareto_44_201201_174m_175n,permits units SA,30450,175,174,101187.87708470854,101058.3797811865,-90.125404575521,-0.03697006093885005,6.527823176863294,14.346049429741681,57.94193453278798,102600.47608268443,202211.0,202501.0,202510.0,202605.0,202606.0,0,0
all_vintage:pareto_44_201201_174m_175n,employment thousands SA,30450,175,174,149.0911592775041,164.9927539284602,19.2,30.849,38.7,47.0,58.7,88.1,173.7,330.0100000000002,431.0,1033.6159999999975,1221.9,0,0
all_vintage:pareto_45_201202_173m_176n,ZHVI all-homes SA,30448,176,173,225067.7398896633,112603.10460419921,49858.91078157383,83334.96671482403,105506.1409446388,120589.22096324003,147689.89558375924,196294.35847323752,268574.84301754204,371214.8662374929,448298.81794081035,619834.2163929231,870668.4947126737,0,0
all_vintage:pareto_45_201202_173m_176n,permits units SA,30448,176,173,100605.40616554643,101058.96306992712,-90.125404575521,-0.037084434837816135,6.509141461942463,14.251152313830111,56.720767427520244,1213.94241347927,202211.0,202501.0,202510.0,202605.0,202606.0,0,0
all_vintage:pareto_45_201202_173m_176n,employment thousands SA,30448,176,173,148.61837887545983,164.75106013553963,19.2,30.9,38.8,47.1,58.5,87.6,173.2,329.12999999999994,430.1,1032.5649999999994,1221.9,0,0
all_vintage:pareto_46_201206_169m_177n,ZHVI all-homes SA,29913,177,169,226535.13262099912,112862.00878194814,53935.16819948612,83884.95223862524,106244.61812693559,121821.10680483836,149146.52436659313,197538.64317351254,270537.69362966745,373774.3171822425,449483.9111842129,620947.3376914994,870668.4947126737,0,0
all_vintage:pareto_46_201206_169m_177n,permits units SA,29913,177,169,100595.65730587162,101062.96940900077,-90.125404575521,0.017573219301843565,6.7020304388452665,14.473472169068362,56.4607024059012,1207.32997334936,202212.0,202502.0,202510.0,202605.0,202606.0,0,0
all_vintage:pareto_46_201206_169m_177n,employment thousands SA,29913,177,169,148.3939257179153,164.69565770200722,19.2,31.012,38.8,47.10000000000001,58.6,87.3,172.9,329.0799999999999,430.0399999999998,1034.2080000000017,1221.9,0,0
all_vintage:pareto_47_201209_166m_178n,ZHVI all-homes SA,29548,178,166,227575.12911987424,113033.86186090183,55844.545029282446,84908.28579557734,107145.21114734511,122854.88235563022,150099.77522056527,198575.39647154498,271680.6328156291,375379.812607059,450764.5958090137,622054.3571424823,870668.4947126737,0,0
all_vintage:pareto_47_201209_166m_178n,permits units SA,29548,178,166,101195.80898490366,101066.82174380572,-90.125404575521,0.06915479542844703,6.6898416376728225,14.46303844025434,56.87478998196775,102602.47608268443,202301.0,202502.0,202510.0,202605.0,202606.0,0,0
all_vintage:pareto_47_201209_166m_178n,employment thousands SA,29548,178,166,148.0047448219846,164.636461758584,19.2,31.2,38.9,46.7,58.5,87.0,172.6,328.62999999999994,429.9299999999996,1035.7249999999972,1221.9,0,0
all_vintage:pareto_48_201401_150m_189n,ZHVI all-homes SA,28350,189,150,237077.86425686962,118733.15543758884,67804.82631024103,89492.35149384574,110705.48087713387,127596.80307929304,156551.7643687259,206525.89955420623,281653.3445905026,390801.48382917466,470524.81412431295,679290.0190553048,893691.3277472038,0,0
all_vintage:pareto_48_201401_150m_189n,permits units SA,28350,189,150,101211.72882133807,101084.6834701997,-90.125404575521,0.400209283656905,7.39486407845457,14.69809514967655,56.197030092003004,102650.47608268443,202305.0,202503.1,202511.0,202605.0,202606.0,0,0
all_vintage:pareto_48_201401_150m_189n,employment thousands SA,28350,189,150,145.20967195767196,164.1465403411973,19.2,27.8,37.14500000000001,43.0,56.7,83.8,170.9,330.61000000000024,435.6,1031.411999999998,1221.9,0,0
all_vintage:pareto_49_201404_147m_190n,ZHVI all-homes SA,27930,190,147,238578.480488667,118877.44280177851,69308.24910349563,90435.30970048788,111777.90680506683,128718.30115123249,157841.00291943504,208087.68695768033,283385.63077802985,392229.92216282344,471882.05924051284,680410.5280024572,893691.3277472038,0,0
all_vintage:pareto_49_201404_147m_190n,permits units SA,27930,190,147,100528.07099514178,101086.3052171693,-90.125404575521,0.5823702019127537,7.539610229452469,14.799178897835962,55.413613479190204,1159.10345761155,202306.0,202504.0,202511.0,202605.0,202606.0,0,0
all_vintage:pareto_49_201404_147m_190n,employment thousands SA,27930,190,147,144.90749373433584,164.05347044531888,19.2,27.829,37.2,43.1,56.5,83.5,170.6,329.81000000000023,435.1549999999999,1032.2129999999997,1221.9,0,0
all_vintage:pareto_50_201409_142m_191n,ZHVI all-homes SA,27122,191,142,240963.33880812826,119328.84485503632,73789.37512106508,91518.45076080578,112884.93885132103,130485.46381361448,159833.60595524558,210361.24854432145,285439.9260362177,394735.03573301045,474228.0181974948,684744.1444477299,893691.3277472038,0,0
all_vintage:pareto_50_201409_142m_191n,permits units SA,27122,191,142,101220.17263487838,101092.59240780362,-90.125404575521,0.8112412542057021,7.99413296744148,15.237477230918012,56.163309884699004,102652.47608268443,202307.0,202504.0,202511.0,202605.0,202606.0,0,0
all_vintage:pareto_50_201409_142m_191n,employment thousands SA,27122,191,142,144.6958373276307,164.09302500541256,19.2,27.9,37.2,43.2,56.2,83.2,170.5,328.89000000000016,434.9,1036.3750000000023,1221.9,0,0
all_vintage:pareto_51_201601_126m_192n,ZHVI all-homes SA,24192,192,126,249382.7494464221,121579.44085706722,76816.6438767935,95523.34019372448,116364.52227758747,135730.9217153546,166437.3021816596,218460.2202371587,294869.7739067947,404306.53829864494,490749.49682305736,695495.8371086639,893691.3277472038,0,0
all_vintage:pareto_51_201601_126m_192n,permits units SA,24192,192,126,101237.01607869366,101109.76361054814,-78.5609617717921,0.962993879980108,8.421236747885546,15.56063506077426,56.49356689717255,102700.47608268443,202311.0,202506.0,202512.0,202605.0,202606.0,0,0
all_vintage:pareto_51_201601_126m_192n,employment thousands SA,24192,192,126,144.88022900132276,164.84835753227662,19.2,26.1,36.655,42.6,56.1,83.2,170.8,329.19000000000017,435.0450000000001,1059.7540000000001,1221.9,0,0
all_vintage:pareto_52_201602_125m_194n,ZHVI all-homes SA,24250,194,125,249632.35307464912,121213.4191337879,76816.6438767935,95789.99384669955,116927.11947956451,136269.45858214857,167054.79597138305,218798.09537086816,294608.1984089582,403953.353587672,489978.04036733153,695411.8951748594,893691.3277472038,0,0
all_vintage:pareto_52_201602_125m_194n,permits units SA,24250,194,125,100430.09114817722,101108.44994131161,-78.5609617717921,0.967589251191951,8.430070214316782,15.58614049921775,56.550338075743724,1122.05635120214,202311.0,202506.0,202512.0,202605.0,202606.0,0,0
all_vintage:pareto_52_201602_125m_194n,employment thousands SA,24250,194,125,144.34007422680412,164.17022026085738,19.2,26.149,36.7,42.8,56.3,83.2,169.4,327.4,434.3,1058.031999999995,1221.9,0,0
all_vintage:pareto_53_201801_102m_195n,ZHVI all-homes SA,19890,195,102,264782.5993521044,124282.83925290016,79317.3508097806,103054.0941437864,127671.63478653008,146153.50093900593,179162.6445994619,232541.31489548628,314610.1600125467,419581.602395192,514125.3796385933,736516.1343589958,893691.3277472038,0,0
all_vintage:pareto_53_201801_102m_195n,permits units SA,19890,195,102,101261.17411892602,101136.15340474446,-78.5609617717921,2.4587569915639547,9.628337283248147,16.78680395451018,57.824762595664374,102368.24465579538,202405.0,202508.0,202601.0,202605.0,202606.0,0,0
all_vintage:pareto_53_201801_102m_195n,employment thousands SA,19890,195,102,144.78830568124684,165.03478783465874,19.2,25.6,36.7,42.8,56.1,83.2,169.775,329.1,435.0,1038.407000000008,1221.9,0,0
all_vintage:pareto_54_201904_87m_196n,ZHVI all-homes SA,17052,196,87,276515.89167779253,126276.24654755628,86255.88988322286,108859.39758819889,137223.56823921687,154589.5586987487,191210.60351298278,243819.5886387116,330720.9792268979,433243.2458278412,536214.2855729032,757003.7374897778,893691.3277472038,0,0
all_vintage:pareto_54_201904_87m_196n,permits units SA,17052,196,87,100114.67004202938,101148.5332897874,-78.5609617717921,2.348636080886747,9.463779195243148,16.539406753511035,55.659588064877525,911.6994556495745,202409.0,202510.0,202602.0,202606.0,202606.0,0,0
all_vintage:pareto_54_201904_87m_196n,employment thousands SA,17052,196,87,145.3048557353976,165.09819484653303,19.2,25.351,36.6,42.8,56.2,83.7,171.525,329.2,435.38999999999976,1016.1140000000458,1221.9,0,0
all_vintage:start_2004,ZHVI all-homes SA,26460,98,270,214545.14760028478,112706.27429920538,70773.62398823531,84187.94328400063,104373.12401285187,114534.73375581409,136704.30774196313,182800.90726148442,254462.52382958744,365634.964845175,438766.0516378496,622354.5687812195,870668.4947126737,0,0
all_vintage:start_2004,permits units SA,26460,98,270,101094.42434571606,100952.10620929186,-90.125404575521,-0.08228537056677623,4.840906354946867,13.826959373673379,70.1277262576963,102400.47608268443,202011.0,202403.09999999998,202505.0,202604.0,202606.0,0,0
all_vintage:start_2004,employment thousands SA,26460,98,270,184.40889266817837,188.44650107656983,27.3,32.8,39.6,53.6,67.1,126.7,213.3,378.6,519.3,1159.346,1221.9,0,0
all_vintage:start_2005,ZHVI all-homes SA,27864,108,258,216287.2349668554,113682.68998156098,70773.62398823531,85776.62756313609,104903.88591974952,114601.6870225141,137517.89350811995,184803.45790425193,256897.2654694664,369156.40519131836,438605.9955780271,638329.6668089139,870668.4947126737,0,0
all_vintage:start_2005,permits units SA,27864,108,258,101106.77613663048,100964.64980832001,-90.125404575521,-0.08923591572155537,4.694965077944632,13.32337603118551,68.56347154593607,102403.47608268443,202102.0,202405.0,202506.0,202604.0,202606.0,0,0
all_vintage:start_2005,employment thousands SA,27864,108,258,179.8912539477462,188.68258313444343,27.3,33.3,40.0,51.0,62.5,116.2,202.9,380.2400000000001,536.0,1144.974,1221.9,0,0
all_vintage:start_2010,ZHVI all-homes SA,33462,169,198,217161.02699390103,110729.52596186654,49348.99715611694,80261.7555254128,101890.37892061131,116058.20236150242,141976.57914225932,187069.55778695934,258697.99930615982,360002.72410200036,436948.74555748113,609490.9914810779,870668.4947126737,0,0
all_vintage:start_2010,permits units SA,33462,169,198,101162.6342946476,101033.45648388573,-90.125404575521,-0.1597655986490092,5.642483975568641,13.762008253663499,58.94647176538756,102550.47608268443,202205.0,202411.0,202509.0,202605.0,202606.0,0,0
all_vintage:start_2010,employment thousands SA,33462,169,198,150.74928575697805,165.07271952891475,19.2,30.5,39.2,47.6,59.1,89.6,175.6,332.1800000000003,431.7949999999997,1026.686999999998,1221.9,0,0
final_only:at_least_120m,ZHVI all-homes SA,24056,194,124,249080.2808475851,120989.71967562215,76816.6438767935,95661.6946780356,116749.2208480539,136169.58091931662,166746.30596948546,218272.27891425882,293943.00792818813,403424.87952966546,488259.0595015412,694949.6896526642,893691.3277472038,0,0
final_only:at_least_120m,permits units SA,24056,194,124,101238.92482196557,101111.74411723024,-78.5609617717921,0.9681086377845962,8.467384496613812,15.64694157276095,57.380165442289325,102700.97608268443,202311.25,202506.0,202512.0,202605.0,202606.0,0,0
final_only:at_least_120m,employment thousands SA,24056,194,124,144.28404556035917,164.10163876963412,19.2,26.155,36.7,42.8,56.3,83.2,169.4,327.29999999999995,434.12500000000006,1057.8400000000024,1221.9,0,0
final_only:at_least_180m,ZHVI all-homes SA,31494,174,181,220900.4756086168,111589.16373994402,49348.99715611694,81969.01011700524,103642.97352943938,117648.19753387058,144472.73737559505,191585.1784581914,263052.51200105104,365080.11819376727,442286.44833835104,612838.056452801,870668.4947126737,0,0
final_only:at_least_180m,permits units SA,31494,174,181,101737.67329952748,101049.23680074586,-90.125404575521,-0.05785037991833011,6.411496178989444,14.333859986285162,58.26073558638885,201812.0,202209.0,202412.0,202509.0,202605.0,202606.0,0,0
final_only:at_least_180m,employment thousands SA,31494,174,181,148.96407569695813,164.67185495720267,19.2,30.8,38.6,46.89999999999999,58.5,88.4,173.6,329.2,430.03499999999985,1030.707,1221.9,0,0
final_only:at_least_240m,ZHVI all-homes SA,30012,122,246,215980.2922803402,111541.21301826525,70773.62398823531,87282.725719885,105545.28364376012,115765.50690247648,139803.9430934034,184633.09556708572,255243.7500020814,361340.24920935434,436580.14402499853,625294.3120591436,870668.4947126737,0,0
final_only:at_least_240m,permits units SA,30012,122,246,101119.88237121985,100976.40738996264,-90.125404575521,-0.15613354842632507,4.916555720408082,13.407958089522099,65.88076323021107,102450.47608268443,202105.0,202406.0,202506.0,202604.0,202606.0,0,0
final_only:at_least_240m,employment thousands SA,30012,122,246,174.57283086765293,181.95046077750035,27.3,33.9,41.1,51.0,62.1,111.6,201.2,374.09000000000015,514.8,1117.0679999999993,1221.9,0,0
final_only:longest_feasible_common_window,ZHVI all-homes SA,26362,98,269,214089.2574070635,112361.21386943737,70773.62398823531,84152.93933502736,104302.99280865864,114470.5082837457,136556.93545145052,182286.51899350778,253649.1994206061,364382.5442777959,437737.92361791135,621199.6921209489,870668.4947126737,0,0
final_only:longest_feasible_common_window,permits units SA,26362,98,269,101469.58671556505,100951.53246525185,-90.125404575521,-0.08249754328184411,4.836337107983605,13.832824106052872,70.39495153131185,201504.0,202011.0,202404.0,202505.0,202604.0,202606.0,0,0
final_only:longest_feasible_common_window,employment thousands SA,26362,98,269,184.3425347090509,188.3728840413294,27.3,32.8,39.6,53.6,67.1,126.7,213.17499999999998,378.5,518.9949999999997,1158.9779999999998,1221.9,0,0
final_only:pareto_01_200401_269m_98n,ZHVI all-homes SA,26362,98,269,214089.2574070635,112361.21386943737,70773.62398823531,84152.93933502736,104302.99280865864,114470.5082837457,136556.93545145052,182286.51899350778,253649.1994206061,364382.5442777959,437737.92361791135,621199.6921209489,870668.4947126737,0,0
final_only:pareto_01_200401_269m_98n,permits units SA,26362,98,269,101469.58671556505,100951.53246525185,-90.125404575521,-0.08249754328184411,4.836337107983605,13.832824106052872,70.39495153131185,201504.0,202011.0,202404.0,202505.0,202604.0,202606.0,0,0
final_only:pareto_01_200401_269m_98n,employment thousands SA,26362,98,269,184.3425347090509,188.3728840413294,27.3,32.8,39.6,53.6,67.1,126.7,213.17499999999998,378.5,518.9949999999997,1158.9779999999998,1221.9,0,0
final_only:pareto_02_200405_265m_99n,ZHVI all-homes SA,26235,99,265,216904.57273189173,114970.45927492794,70773.62398823531,84475.85101055681,105087.99087139044,115049.71164420649,137512.635581886,184716.98239511528,257401.81561226805,371220.41079527384,443380.58544463676,643325.9411244235,870668.4947126737,0,0
final_only:pareto_02_200405_265m_99n,permits units SA,26235,99,265,101479.92439204383,100954.96995626146,-90.125404575521,-0.08234492715486377,4.972345031466527,14.13485955247408,71.98970979699149,201506.0,202012.0,202404.0,202505.0,202604.0,202606.0,0,0
final_only:pareto_02_200405_265m_99n,employment thousands SA,26235,99,265,183.56992567181246,187.8555272296977,27.3,32.8,39.6,53.89999999999999,67.7,125.6,211.0,377.56000000000023,518.3299999999999,1158.5659999999998,1221.9,0,0
final_only:pareto_03_200408_262m_102n,ZHVI all-homes SA,26724,102,262,218376.8218961958,114535.36014914616,70773.62398823531,84868.76302872365,105927.87130278627,115772.66500756847,138767.93755871852,186626.10032651975,259265.13389087535,373161.4979936089,441695.7170053823,640591.0933372041,870668.4947126737,0,0
final_only:pareto_03_200408_262m_102n,permits units SA,26724,102,262,101104.7962752313,100958.15743577697,-90.125404575521,-0.08178965022144108,5.113685083162261,14.190472615356072,71.08330276502895,102402.47608268443,202101.0,202404.0,202505.0,202604.0,202606.0,0,0
final_only:pareto_03_200408_262m_102n,employment thousands SA,26724,102,262,185.79235892830414,191.65437940878465,27.3,32.9,40.0,52.7,66.0,123.8,213.7,392.37000000000006,560.9249999999993,1152.977,1221.9,0,0
final_only:pareto_04_200409_261m_103n,ZHVI all-homes SA,26883,103,261,218232.08655721392,114237.01290303271,70773.62398823531,84987.6606338908,106146.46700179078,115895.00011254812,138866.6341475655,186610.65146611896,259259.45594346846,372333.19705553085,440957.0106754437,639717.5396703896,870668.4947126737,0,0
final_only:pareto_04_200409_261m_103n,permits units SA,26883,103,261,101491.44535062977,100957.56085140735,-90.125404575521,-0.06078534579477095,5.294085867791697,14.535556532800044,71.9056797948883,201508.0,202101.0,202404.0,202505.0,202604.0,202606.0,0,0
final_only:pareto_04_200409_261m_103n,employment thousands SA,26883,103,261,184.56693077409514,191.20192417936025,27.3,32.9,40.21000000000002,52.3,64.85,122.0,211.0,390.55999999999983,556.469999999995,1151.7520000000004,1221.9,0,0
final_only:pareto_05_200410_260m_104n,ZHVI all-homes SA,27040,104,260,218288.9593930917,113880.11330389768,70773.62398823531,85251.28227703221,106417.97455626712,116122.05772321712,139349.5094952507,186628.15139301505,259265.13389087535,371544.00231661636,440301.6736566733,638684.8971831122,870668.4947126737,0,0
final_only:pareto_05_200410_260m_104n,permits units SA,27040,104,260,101106.16350484056,100961.01432405048,-90.125404575521,-0.05979688615581018,5.361624792842762,14.512213384481289,70.39167370531747,102402.97608268443,202101.25,202404.09999999998,202505.05000000002,202604.0,202606.0,0,0
final_only:pareto_05_200410_260m_104n,employment thousands SA,27040,104,260,183.36290680473374,190.75074443831997,27.3,33.0,40.3,52.3,63.9,120.6,208.9,388.6,550.8,1149.6,1221.9,0,0
final_only:pareto_06_200411_259m_106n,ZHVI all-homes SA,27454,106,259,217104.82064550018,113468.16986688599,70773.62398823531,85516.82531479976,105532.23843032052,115635.94187007447,138655.1365397757,185582.6588466887,257908.8210420242,369583.95376376703,438830.2895497753,638332.1417827073,870668.4947126737,0,0
final_only:pareto_06_200411_259m_106n,permits units SA,27454,106,259,101495.38416912983,100960.8165848749,-90.125404575521,-0.07122540508245978,5.065382482999439,14.12746163347947,71.17126684016836,201509.0,202102.0,202405.0,202506.0,202604.0,202606.0,0,0
final_only:pareto_06_200411_259m_106n,employment thousands SA,27454,106,259,182.21365192685946,189.41194882747575,27.3,33.153000000000006,40.5,52.10000000000001,63.5,120.6,206.0,383.6700000000001,541.7699999999998,1146.276000000001,1221.9,0,0
final_only:pareto_07_200412_258m_107n,ZHVI all-homes SA,27606,107,258,216352.50344577275,113441.26673042693,70773.62398823531,85664.20168888338,105289.09046501461,115097.483133912,137782.36012461397,184799.11517968454,257030.07083767618,368662.6150482873,438142.1014851857,638124.7086085475,870668.4947126737,0,0
final_only:pareto_07_200412_258m_107n,permits units SA,27606,107,258,101107.06261794912,100964.38054336708,-90.125404575521,-0.11699430156242344,4.476941701878687,13.236920843215302,69.46233702113864,102403.47608268443,202102.0,202405.0,202506.0,202604.0,202606.0,0,0
final_only:pareto_07_200412_258m_107n,employment thousands SA,27606,107,258,181.0758132290082,188.96268274173778,27.3,33.2,40.7,51.95,62.9,118.1,204.4,381.8,537.875,1145.3850000000002,1221.9,0,0
final_only:pareto_08_200501_257m_108n,ZHVI all-homes SA,27756,108,257,215822.4104043293,113336.82695754225,70773.62398823531,85734.6211410372,104853.5958510878,114538.30121155707,137396.3170020572,184302.12788953737,256127.72267334806,367424.58641486196,437736.2591405344,637985.3677953886,870668.4947126737,0,0
final_only:pareto_08_200501_257m_108n,permits units SA,27756,108,257,101499.52354497473,100963.99614876595,-90.125404575521,-0.10174986865077681,4.685387349461725,13.33742469956035,69.01223848575374,201510.0,202102.0,202405.0,202506.0,202604.0,202606.0,0,0
final_only:pareto_08_200501_257m_108n,employment thousands SA,27756,108,257,179.825299034443,188.60635386691033,27.3,33.3,40.0,51.0,62.5,116.15,202.8,380.0,536.0,1144.5700000000004,1221.9,0,0
final_only:pareto_09_200502_256m_110n,ZHVI all-homes SA,28160,110,256,216175.65549404468,113992.46880315086,70773.62398823531,86035.56753152392,103962.23526907347,114142.56948006939,137183.1165808839,184582.43534273523,256488.86519828613,369108.05224871106,440364.37933645264,636585.6231848875,870668.4947126737,0,0
final_only:pareto_09_200502_256m_110n,permits units SA,28160,110,256,101107.99408050485,100967.77624446295,-90.125404575521,-0.08264883576865842,4.809555005206549,13.37855027268772,66.9914786920381,102403.97608268443,202102.25,202405.0,202506.0,202604.0,202606.0,0,0
final_only:pareto_09_200502_256m_110n,employment thousands SA,28160,110,256,177.71807173295457,187.5969096637927,27.3,33.4,40.3,51.3,62.1,112.6,200.9,377.6,531.3199999999997,1138.7429999999995,1221.9,0,0
final_only:pareto_10_200505_253m_111n,ZHVI all-homes SA,28083,111,253,216612.4889665819,113850.62967402182,70773.62398823531,86382.46535833103,104310.37491350634,114550.69980379891,137789.75154110655,184986.08901879448,257096.07968292135,369019.4324073751,440383.61355392967,636841.6575966367,870668.4947126737,0,0
final_only:pareto_10_200505_253m_111n,permits units SA,28083,111,253,101509.20413320613,100969.2912980542,-90.125404575521,-0.07118460595449574,4.977082419071963,13.76180423083194,67.2264562755498,201512.0,202103.0,202405.0,202506.0,202604.0,202606.0,0,0
final_only:pareto_10_200505_253m_111n,employment thousands SA,28083,111,253,177.3361784709611,186.9629406142238,27.3,33.4,40.3,51.39999999999999,62.25,114.0,199.5,376.65999999999985,528.5799999999996,1137.536,1221.9,0,0
final_only:pareto_11_200506_252m_113n,ZHVI all-homes SA,28476,113,252,216829.39768183412,113230.69784067913,70773.62398823531,86703.77187876798,104705.53763374143,114953.93611204784,138652.9569960239,185442.52157356963,257359.5327143591,366467.02543501585,438856.1631569702,633945.5829745436,870668.4947126737,0,0
final_only:pareto_11_200506_252m_113n,permits units SA,28476,113,252,101112.89776527668,100971.76623752345,-90.125404575521,-0.16368481541410101,4.82066587552674,13.4724141245152,66.71313919948243,102448.97608268443,202103.25,202405.0,202506.0,202604.0,202606.0,0,0
final_only:pareto_11_200506_252m_113n,employment thousands SA,28476,113,252,178.51149037786206,186.44668054117636,27.3,33.6,40.5,51.6,62.5,114.0,202.1,380.3,526.3249999999999,1136.9,1221.9,0,0
final_only:pareto_12_200507_251m_116n,ZHVI all-homes SA,29116,116,251,216592.23733478208,112387.55279129065,70773.62398823531,86657.38269642847,104833.23414579123,115101.44562214185,138959.8173064715,185655.63326088368,257296.6040625917,363457.2939319883,436429.4846190285,630327.6255768101,870668.4947126737,0,0
final_only:pareto_12_200507_251m_116n,permits units SA,29116,116,251,101515.16372639276,100970.92938529578,-90.125404575521,-0.15951991836248258,4.957439739261033,13.55724803722785,66.41560984561765,201601.0,202104.0,202405.0,202506.0,202604.0,202606.0,0,0
final_only:pareto_12_200507_251m_116n,employment thousands SA,29116,116,251,177.03599738975132,184.7882511378435,27.3,33.7,40.7,51.3,62.4,112.7,202.8,377.5,522.25,1128.8199999999983,1221.9,0,0
final_only:pareto_13_200508_250m_118n,ZHVI all-homes SA,29500,118,250,216410.730844276,111728.10812936169,70773.62398823531,86887.09763371715,105095.35381773676,115454.53887627476,139756.33576717516,185371.4680795526,256897.2654694664,361478.9875897404,435202.59213833144,628511.7704170085,870668.4947126737,0,0
final_only:pareto_13_200508_250m_118n,permits units SA,29500,118,250,101114.42175208716,100974.02804386153,-90.125404575521,-0.14697059941685053,5.066916951909566,13.7621092137259,66.87917773494635,102449.47608268443,202104.0,202405.1,202506.0,202604.0,202606.0,0,0
final_only:pareto_13_200508_250m_118n,employment thousands SA,29500,118,250,175.4345627118644,183.72808386203658,27.3,33.7,40.8,50.7,62.1,111.5,201.025,375.2,519.8,1123.0049999999992,1221.9,0,0
final_only:pareto_14_200509_249m_120n,ZHVI all-homes SA,29880,120,249,216451.37383271757,111985.14292948449,70773.62398823531,87042.92465285867,105322.91439176074,115417.41409784173,139493.7872942797,185234.01926129608,256719.78146782576,362744.9030664803,437742.0226980115,627355.5283643745,870668.4947126737,0,0
final_only:pareto_14_200509_249m_120n,permits units SA,29880,120,249,101522.36270461294,100970.75908645752,-90.125404575521,-0.1410421323767581,5.274451176770142,14.19382279573141,68.46134964894381,201602.0,202104.0,202406.0,202506.0,202604.0,202606.0,0,0
final_only:pareto_14_200509_249m_120n,employment thousands SA,29880,120,249,175.92278781793843,182.92359034509906,27.3,33.8,41.0,50.9,62.4,111.5,202.9,375.4100000000002,517.3099999999998,1120.5889999999993,1221.9,0,0
final_only:pareto_15_200510_248m_121n,ZHVI all-homes SA,30008,121,248,216086.60189517695,111770.6687330592,70773.62398823531,87140.70349874247,105470.7517464053,115511.31748047334,139296.14904614995,184869.00682538986,255805.42919461735,361826.3579253462,436861.9993118142,626445.5224592407,870668.4947126737,0,0
final_only:pareto_15_200510_248m_121n,permits units SA,30008,121,248,101118.30367082596,100974.02751261392,-90.125404575521,-0.1338082003519731,5.2911449013919825,14.049383628563373,66.82669542336933,102449.97608268443,202104.25,202406.0,202506.0,202604.0,202606.0,0,0
final_only:pareto_15_200510_248m_121n,employment thousands SA,30008,121,248,175.5049720074647,182.27763671756747,27.3,33.8,41.0,51.0,62.5,112.7,202.1,374.6,515.7649999999998,1119.1740000000004,1221.9,0,0
final_only:pareto_16_200512_246m_122n,ZHVI all-homes SA,30012,122,246,215980.2922803402,111541.21301826525,70773.62398823531,87282.725719885,105545.28364376012,115765.50690247648,139803.9430934034,184633.09556708572,255243.7500020814,361340.24920935434,436580.14402499853,625294.3120591436,870668.4947126737,0,0
final_only:pareto_16_200512_246m_122n,permits units SA,30012,122,246,101119.88237121985,100976.40738996264,-90.125404575521,-0.15613354842632507,4.916555720408082,13.407958089522099,65.88076323021107,102450.47608268443,202105.0,202406.0,202506.0,202604.0,202606.0,0,0
final_only:pareto_16_200512_246m_122n,employment thousands SA,30012,122,246,174.57283086765293,181.95046077750035,27.3,33.9,41.1,51.0,62.1,111.6,201.2,374.09000000000015,514.8,1117.0679999999993,1221.9,0,0
final_only:pareto_17_200607_239m_123n,ZHVI all-homes SA,29397,123,239,216218.4916586408,111670.7331858195,70773.62398823531,87579.7668818447,105836.73399537773,116176.25101629498,139904.25868686216,184569.44239718546,255312.0060596996,362294.0570233837,436982.78172042227,625121.3407610465,870668.4947126737,0,0
final_only:pareto_17_200607_239m_123n,permits units SA,29397,123,239,101548.70378585177,100981.47286479574,-90.125404575521,-0.13436848408078758,5.147014714432126,13.707459585173002,66.0777739983974,201607.0,202107.0,202407.0,202507.0,202604.0,202606.0,0,0
final_only:pareto_17_200607_239m_123n,employment thousands SA,29397,123,239,174.25534578358338,181.59667244604358,27.3,33.9,41.1,51.1,62.2,110.8,200.0,373.9,513.8199999999997,1116.0480000000011,1221.9,0,0
final_only:pareto_18_200608_238m_125n,ZHVI all-homes SA,29750,125,238,215434.8857801156,111206.38889999472,70773.62398823531,87683.2318989416,105324.46493872038,116074.44837453932,139617.16519736906,183688.02689056582,253750.77008907343,360502.0186244284,435779.48114347376,623970.840766203,870668.4947126737,0,0
final_only:pareto_18_200608_238m_125n,permits units SA,29750,125,238,101127.3942856767,100985.32643666012,-90.125404575521,-0.12187337972572523,5.243299509834607,13.662754631927571,64.02512405906657,102452.47608268443,202107.0,202407.0,202507.0,202604.0,202606.0,0,0
final_only:pareto_18_200608_238m_125n,employment thousands SA,29750,125,238,172.1130386554622,180.99696395181226,18.1,28.4,39.6,50.3,61.5,109.6,197.6,372.2,512.6,1112.0039999999995,1221.9,0,0
final_only:pareto_19_200609_237m_126n,ZHVI all-homes SA,29862,126,237,216429.9254538397,111453.08654541522,70773.62398823531,87740.8975691236,105466.9164299503,116205.56571300555,139926.70878800398,184866.73766287597,256490.28338548876,362622.3304218512,437737.92361791135,623750.9620307501,870668.4947126737,0,0
final_only:pareto_19_200609_237m_126n,permits units SA,29862,126,237,101553.4736348491,100984.4315616234,-90.125404575521,-0.08264692002408344,5.421791321202615,13.977984985022054,65.49927648548038,201608.0,202107.0,202407.0,202507.0,202604.0,202606.0,0,0
final_only:pareto_19_200609_237m_126n,employment thousands SA,29862,126,237,171.64950438684616,180.40331133477954,18.1,28.4,39.7,50.4,61.6,109.6,196.27500000000003,370.8,512.0,1110.0169999999998,1221.9,0,0
final_only:pareto_20_200611_235m_127n,ZHVI all-homes SA,29845,127,235,216181.2979058998,111280.59512503361,70773.62398823531,87863.51456032527,105535.14250533358,116364.28341506398,139849.45449215607,184531.17855336203,255815.88400206147,361941.9124950417,437082.55280705786,622856.1519707362,870668.4947126737,0,0
final_only:pareto_20_200611_235m_127n,permits units SA,29845,127,235,101559.70658457722,100986.07391786783,-90.125404575521,-0.06816988169652013,5.554134805657024,14.151181934019622,66.8203962340695,201609.0,202108.0,202407.0,202507.0,202604.0,202606.0,0,0
final_only:pareto_20_200611_235m_127n,employment thousands SA,29845,127,235,171.5784620539454,179.7794826509259,18.1,28.444,39.720000000000006,50.6,61.7,110.2,194.8,369.9,511.2,1109.556,1221.9,0,0
final_only:pareto_21_200707_227m_128n,ZHVI all-homes SA,29056,128,227,218009.6959029205,112841.68955644498,70773.62398823531,87728.80823158377,105623.18089075589,116648.17532071887,140705.47774200843,185924.21154575516,258153.07531389638,366919.80150569737,443256.3483761366,622851.559429887,870668.4947126737,0,0
final_only:pareto_21_200707_227m_128n,permits units SA,29056,128,227,101584.50035812112,100994.1260922512,-90.125404575521,-0.06617115274992078,5.826490429807002,14.470462534172249,68.68558873421533,201701.0,202110.0,202408.0,202507.0,202604.0,202606.0,0,0
final_only:pareto_21_200707_227m_128n,employment thousands SA,29056,128,227,170.93001789647576,179.6302972022774,18.4,28.455,39.775,50.7,61.6,109.6,193.8,369.20000000000005,509.7,1109.545,1221.9,0,0
final_only:pareto_22_200708_226m_129n,ZHVI all-homes SA,29154,129,226,217744.40508828737,112677.19232758833,70773.62398823531,87740.02719333637,105817.40945999276,116683.29780916107,140446.73599641878,185659.1717526369,257926.09097534284,366229.02638016705,442837.74775260006,622533.6398619659,870668.4947126737,0,0
final_only:pareto_22_200708_226m_129n,permits units SA,29154,129,226,101141.44160109405,100997.07205820353,-90.125404575521,-0.0627377513868072,5.855355823910859,14.52115752650146,68.86135104802545,102499.47608268443,202110.0,202408.0,202507.0,202604.0,202606.0,0,0
final_only:pareto_22_200708_226m_129n,employment thousands SA,29154,129,226,171.267558482541,179.00863216205502,18.4,28.553000000000004,39.8,50.8,61.7,110.2,196.975,368.3,508.93499999999983,1108.3350000000005,1221.9,0,0
final_only:pareto_23_200712_222m_130n,ZHVI all-homes SA,28860,130,222,217903.24929123285,112721.19117226059,70773.62398823531,87638.81279218842,105954.5071141604,116889.05717686174,140961.93721038508,185707.62619642686,257670.91402954017,366909.6293787785,443251.81864001404,622524.5209572383,870668.4947126737,0,0
final_only:pareto_23_200712_222m_130n,permits units SA,28860,130,222,101145.1716109009,101001.17434852665,-90.125404575521,-0.15022965360435434,5.330897182945903,14.09545817941148,68.0413283550232,102500.47608268443,202111.0,202408.0,202507.0,202604.0,202606.0,0,0
final_only:pareto_23_200712_222m_130n,employment thousands SA,28860,130,222,170.56863825363826,178.69261301007063,18.4,28.6,39.9,50.9,61.7,109.65,195.4,367.3,507.60499999999996,1107.7459999999999,1221.9,0,0
final_only:pareto_24_200802_220m_131n,ZHVI all-homes SA,28820,131,220,217736.33824523087,112685.67782066077,70773.62398823531,87724.446053854,106083.18293226874,117085.02188678297,140717.29414314457,185582.6588466887,257005.6008092952,366839.7512992229,443251.81864001404,622585.3136554213,870668.4947126737,0,0
final_only:pareto_24_200802_220m_131n,permits units SA,28820,131,220,101147.1062111268,101003.24199310067,-90.125404575521,-0.14077096121204147,5.49973315667758,14.23835527556967,68.1907527919137,102500.97608268443,202111.25,202408.1,202507.05,202604.0,202606.0,0,0
final_only:pareto_24_200802_220m_131n,employment thousands SA,28820,131,220,169.9114850798057,178.2634933756476,18.6,28.7,39.995000000000005,50.9,61.8,109.1,194.3,366.3,506.5,1105.9620000000002,1221.9,0,0
final_only:pareto_25_200803_219m_133n,ZHVI all-homes SA,29127,133,219,217602.1985670699,112227.95297126171,70773.62398823531,87866.0316983141,106398.54445507667,117336.94820409823,141172.09774542393,185472.70372933886,256856.69515423794,365303.5966207343,442321.91975330864,621548.7457625186,870668.4947126737,0,0
final_only:pareto_25_200803_219m_133n,permits units SA,29127,133,219,101607.81804524617,101002.65303646345,-90.125404575521,-0.18021328379228435,5.328132270035573,14.20086005980708,68.55717902633515,201705.0,202112.0,202409.0,202508.0,202604.0,202606.0,0,0
final_only:pareto_25_200803_219m_133n,employment thousands SA,29127,133,219,169.13684897174443,177.20514602592007,18.8,28.800000000000004,40.2,51.1,61.8,109.1,192.85000000000002,364.5,501.80999999999915,1104.6479999999997,1221.9,0,0
final_only:pareto_26_200805_217m_134n,ZHVI all-homes SA,29078,134,217,217114.0494760785,112504.60123797845,49348.99715611694,83746.94266678621,105245.01816253265,116798.3403572606,140741.76936828496,184983.68888467783,256287.56288725958,365247.42163318535,442338.24943972006,621732.3080569191,870668.4947126737,0,0
final_only:pareto_26_200805_217m_134n,permits units SA,29078,134,217,101613.86629831267,101004.91329773187,-90.125404575521,-0.1591142318365456,5.466617614819518,14.355153261176113,67.84919516757752,201706.0,202112.0,202409.0,202508.0,202604.0,202606.0,0,0
final_only:pareto_26_200805_217m_134n,employment thousands SA,29078,134,217,168.93927367769447,176.64180128454962,18.8,28.877,40.3,51.2,61.9,109.6,192.17499999999998,363.8299999999999,500.2,1103.7299999999996,1221.9,0,0
final_only:pareto_27_200806_216m_137n,ZHVI all-homes SA,29592,137,216,216177.22999430628,112166.56728469349,49348.99715611694,83191.74047001779,104196.58146777019,116230.05036993133,140091.46445901316,184085.6197221717,255125.3620563371,363534.5541856985,440327.97340561805,620308.1383103125,870668.4947126737,0,0
final_only:pareto_27_200806_216m_137n,permits units SA,29592,137,216,101149.31578851854,101009.17813259512,-90.125404575521,-0.1805989873450199,5.061562296199046,13.572499247213052,65.36936561635177,102501.97608268443,202134.25,202409.0,202508.0,202604.0,202606.0,0,0
final_only:pareto_27_200806_216m_137n,employment thousands SA,29592,137,216,166.50381522032984,175.51327197804744,18.8,28.991000000000003,40.5,50.6,61.4,108.1,189.9,361.1,496.54499999999973,1095.354,1221.9,0,0
final_only:pareto_28_200807_215m_139n,ZHVI all-homes SA,29885,139,215,216370.99980415148,111893.4718866283,49348.99715611694,83363.19108650462,104545.67698122367,116505.09185445016,140179.84732773213,184679.03646192313,255527.25173195152,363786.4328708174,439155.59179080464,619806.2968376917,870668.4947126737,0,0
final_only:pareto_28_200807_215m_139n,permits units SA,29885,139,215,101618.47219999993,101008.71523811117,-90.125404575521,-0.14175018012783114,5.274794078896592,13.982814708756703,64.5709221496713,201707.0,202201.0,202409.0,202508.0,202604.0,202606.0,0,0
final_only:pareto_28_200807_215m_139n,employment thousands SA,29885,139,215,164.7421415425799,174.9114932799621,18.8,29.0,39.2,49.1,60.9,106.6,188.6,359.6,484.0,1091.156,1221.9,0,0
final_only:pareto_29_200811_211m_140n,ZHVI all-homes SA,29540,140,211,216878.82062640213,112169.47108210667,49348.99715611694,83385.8531802156,104777.70093019666,116663.34725907493,140526.5249542212,184958.27308865343,256187.14164881397,364868.67462011083,440291.62447096495,620351.2038560148,870668.4947126737,0,0
final_only:pareto_29_200811_211m_140n,permits units SA,29540,140,211,101631.50039505059,101013.057648653,-90.125404575521,-0.11666114347664472,5.392120756957684,13.836715699673551,64.01565589279679,201709.0,202202.0,202409.0,202508.0,202604.0,202606.0,0,0
final_only:pareto_29_200811_211m_140n,employment thousands SA,29540,140,211,164.00955314827354,174.73414546075858,18.8,29.0,39.3,48.3,60.6,105.55,187.9,359.0100000000002,482.8,1090.7050000000004,1221.9,0,0
final_only:pareto_30_200812_210m_142n,ZHVI all-homes SA,29820,142,210,217584.0646867956,112672.53362469976,49348.99715611694,83628.0167569078,105040.04103081154,116907.63612859117,140838.05716188418,185364.08528122038,256889.21975321465,366568.3050746639,443291.20997960266,619855.3447049904,870668.4947126737,0,0
final_only:pareto_30_200812_210m_142n,permits units SA,29820,142,210,101156.40646728245,101014.87893017792,-90.125404575521,-0.10339506483817329,5.500305849967279,14.01545205579242,65.18636372570168,102503.47608268443,202202.0,202409.1,202508.0,202604.0,202606.0,0,0
final_only:pareto_30_200812_210m_142n,employment thousands SA,29820,142,210,164.94037558685446,174.7886717042089,18.8,29.119000000000003,39.4,48.3,60.7,105.6,189.22499999999997,363.4100000000002,476.5099999999999,1088.4620000000002,1221.9,0,0
final_only:pareto_31_200901_209m_160n,ZHVI all-homes SA,33440,160,209,214164.9658961456,109158.31502831214,49348.99715611694,82773.91280215234,103586.55766930364,116030.55447403167,140271.94368686355,183334.9342815404,253362.64053488863,355131.79356387246,432215.5317171458,607566.5315238098,870668.4947126737,0,0
final_only:pareto_31_200901_209m_160n,permits units SA,33440,160,209,101634.99067200639,101018.2834487031,-90.125404575521,-0.06074778009617689,6.080832632741684,14.603967784652793,61.042346673488325,201710.0,202202.0,202410.0,202508.0,202604.0,202606.0,0,0
final_only:pareto_31_200901_209m_160n,employment thousands SA,33440,160,209,155.30741028708132,167.16283168017856,18.8,30.200000000000003,38.8,48.1,60.4,96.7,178.5,340.2100000000002,437.70499999999987,1043.5490000000004,1221.9,0,0
final_only:pareto_32_200902_208m_162n,ZHVI all-homes SA,33696,162,208,213565.82741866523,109056.732481974,49348.99715611694,79563.44567840488,102239.21976704028,115516.68341942562,140088.05847756288,182609.2652830425,252614.18185884002,354267.8174104395,431539.59361672273,606838.0041125044,870668.4947126737,0,0
final_only:pareto_32_200902_208m_162n,permits units SA,33696,162,208,101153.12989394618,101022.36285680886,-90.125404575521,-0.11726993942479735,5.7688731636886255,14.0303716495002,59.22286906389233,102503.97608268443,202202.25,202410.0,202508.0,202604.0,202606.0,0,0
final_only:pareto_32_200902_208m_162n,employment thousands SA,33696,162,208,154.1014571462488,166.55468115446848,18.8,30.3,38.9,48.1,59.9,95.5,177.8,339.6,435.8,1034.5250000000074,1221.9,0,0
final_only:pareto_33_200903_207m_163n,ZHVI all-homes SA,33741,163,207,213725.89291161604,108918.59901647744,49348.99715611694,79617.84404449273,102478.897712679,115656.87529439754,140373.6482493528,183062.0415298516,252839.4275393018,353984.13443392934,431455.5706867743,606727.8309161117,870668.4947126737,0,0
final_only:pareto_33_200903_207m_163n,permits units SA,33741,163,207,101640.9457580515,101021.38954456609,-90.125404575521,-0.10260703656887907,5.88305922299776,14.1110181225836,59.3815243996819,201711.0,202203.0,202410.0,202508.0,202604.0,202606.0,0,0
final_only:pareto_33_200903_207m_163n,employment thousands SA,33741,163,207,153.5732639815062,166.25912104991173,18.8,30.299999999999997,39.0,48.2,59.9,94.8,177.5,339.0,435.2,1032.5999999999992,1221.9,0,0
final_only:pareto_34_200907_203m_165n,ZHVI all-homes SA,33495,165,203,214554.51049884123,109107.2696445464,49348.99715611694,79789.1938794558,102950.20972226627,116086.91010558693,140758.52953295162,184240.7416108227,254102.41252880037,355363.8844171534,432138.91520970885,607431.7963624431,870668.4947126737,0,0
final_only:pareto_34_200907_203m_165n,permits units SA,33495,165,203,101655.31425246254,101025.67834352587,-90.125404575521,-0.10058067816212303,6.09951665641929,14.41458977904464,61.1164763951588,201801.0,202204.0,202410.0,202508.0,202604.0,202606.0,0,0
final_only:pareto_34_200907_203m_165n,employment thousands SA,33495,165,203,152.68653231825647,165.8086228255873,19.1,30.4,39.1,48.5,59.8,92.6,177.0,337.7600000000002,434.35999999999984,1032.0179999999993,1221.9,0,0
final_only:pareto_35_200909_201m_166n,ZHVI all-homes SA,33366,166,201,215273.44551371815,109168.4522988355,49348.99715611694,79867.84401077658,103154.36736969207,116329.87320704773,141391.10900221532,185536.75234631234,255188.96342075558,355600.6587969037,432282.5564174841,607761.6918749178,870668.4947126737,0,0
final_only:pareto_35_200909_201m_166n,permits units SA,33366,166,201,101662.0879452214,101027.62535552683,-90.125404575521,-0.0888829121816663,6.239143501623327,14.5889804291342,60.991424589408226,201802.0,202204.0,202410.0,202508.0,202604.0,202606.0,0,0
final_only:pareto_35_200909_201m_166n,employment thousands SA,33366,166,201,152.29637355391716,165.58342217209636,19.1,30.4,39.2,48.6,59.9,91.5,176.7,336.7,433.9,1031.2199999999982,1221.9,0,0
final_only:pareto_36_200911_199m_167n,ZHVI all-homes SA,33233,167,199,215740.77512666816,109160.52855816975,49348.99715611694,80128.35519134645,103375.38930449233,116573.33919168382,141950.54440925745,186100.45122604616,255710.23618064992,355851.74668076576,432542.0747860223,607985.0379655958,870668.4947126737,0,0
final_only:pareto_36_200911_199m_167n,permits units SA,33233,167,199,101668.83527389665,101029.76466999792,-90.125404575521,-0.10290723781432458,6.169295646626214,14.273051008815521,60.5403238841593,201803.0,202205.0,202411.0,202509.0,202605.0,202606.0,0,0
final_only:pareto_36_200911_199m_167n,employment thousands SA,33233,167,199,151.80388168386847,165.43036109574803,19.2,30.5,39.3,48.3,59.7,90.5,176.4,335.9799999999999,433.2399999999998,1030.768,1221.9,0,0
final_only:pareto_37_200912_198m_168n,ZHVI all-homes SA,33264,168,198,217073.76773942306,110145.03272763184,49348.99715611694,80295.06535362334,103576.71511146052,116747.31051395801,142302.60014634603,186988.62947364722,258183.00083558567,359115.50854180777,436060.8608891168,607967.5613062718,870668.4947126737,0,0
final_only:pareto_37_200912_198m_168n,permits units SA,33264,168,198,101162.78811414726,101033.31166074057,-90.125404575521,-0.14252000156253647,6.022304342758312,14.03521263406098,59.37203406153058,102550.47608268443,202205.0,202411.0,202509.0,202605.0,202606.0,0,0
final_only:pareto_37_200912_198m_168n,employment thousands SA,33264,168,198,151.21487794612796,165.22977779046386,19.2,30.5,39.2,47.7,59.4,90.0,175.9,333.7400000000002,432.28499999999985,1029.4400000000053,1221.9,0,0
final_only:pareto_38_201001_197m_169n,ZHVI all-homes SA,33293,169,197,216628.03717685802,110384.21961668019,49348.99715611694,80209.83654630672,101835.00201467356,115986.82073417661,141769.41026444745,186669.32793160784,257987.9772565092,359005.5792363928,435921.7918007281,607951.2121733557,870668.4947126737,0,0
final_only:pareto_38_201001_197m_169n,permits units SA,33293,169,197,101675.40164005912,101032.24710683474,-90.125404575521,-0.1623223158045074,5.64981684921992,13.76243093075606,59.3405797120557,201804.0,202205.0,202411.0,202509.0,202605.0,202606.0,0,0
final_only:pareto_38_201001_197m_169n,employment thousands SA,33293,169,197,150.68570570390173,164.99772910551437,19.2,30.5,39.2,47.60000000000001,59.1,89.5,175.5,332.0,431.63999999999976,1025.664000000006,1221.9,0,0
final_only:pareto_39_201002_196m_170n,ZHVI all-homes SA,33320,170,196,216671.30274102266,110303.41752576652,49348.99715611694,80279.5836284427,102022.1633372942,116166.98631114008,141746.07440712178,186729.74180196563,257894.8866899171,358922.6417881376,435825.6006380451,607892.6221652105,870668.4947126737,0,0
final_only:pareto_39_201002_196m_170n,permits units SA,33320,170,196,101164.36379655688,101035.7136571021,-90.125404575521,-0.16299191909920355,5.654483223361641,13.7621092137259,58.58497148630254,102550.97608268443,202205.25,202411.0,202509.0,202605.0,202606.0,0,0
final_only:pareto_39_201002_196m_170n,employment thousands SA,33320,170,196,150.16355042016806,164.76722955682652,19.2,30.519,39.2,47.6,58.9,89.1,175.0,330.9100000000002,431.20499999999987,1024.3399999999906,1221.9,0,0
final_only:pareto_40_201008_190m_171n,ZHVI all-homes SA,32490,171,190,218520.20215611,110924.49881309533,49348.99715611694,80793.29400237092,102833.75532953424,116745.92974381044,142949.75854914705,188472.5173461484,259878.01384614233,361478.9875897404,438548.6174882563,610322.8899187496,870668.4947126737,0,0
final_only:pareto_40_201008_190m_171n,permits units SA,32490,171,190,101170.68707376413,101041.81106952358,-90.125404575521,-0.0826200996000337,5.925965812847407,13.918759969029649,58.4638191075226,102552.47608268443,202207.0,202411.09999999998,202509.0,202605.0,202606.0,0,0
final_only:pareto_40_201008_190m_171n,employment thousands SA,32490,171,190,149.90343182517697,164.97130018335613,19.2,30.689,38.5,47.3,58.7,88.8,174.9,330.9,431.2,1028.9200000000012,1221.9,0,0
final_only:pareto_41_201009_189m_172n,ZHVI all-homes SA,32508,172,189,218916.04432575993,110792.80222422785,49348.99715611694,80939.17308662894,103055.6291299238,116980.41119417382,143350.32603343425,189291.35575993563,260163.50641777785,361351.6172834504,438441.22072463954,610262.7477797505,870668.4947126737,0,0
final_only:pareto_41_201009_189m_172n,permits units SA,32508,172,189,101705.12068926028,101040.56648457992,-90.125404575521,-0.07113149212730105,6.102333288497984,13.961767995428252,58.601491585524904,201808.0,202207.0,202412.0,202509.0,202605.0,202606.0,0,0
final_only:pareto_41_201009_189m_172n,employment thousands SA,32508,172,189,149.33228436077275,164.77929045620346,19.2,30.7,38.4,46.8,58.5,88.1,174.2,329.9,430.3649999999998,1025.3790000000001,1221.9,0,0
final_only:pareto_42_201104_182m_173n,ZHVI all-homes SA,31486,173,182,220971.77925555917,111608.51597922265,49348.99715611694,81723.61848621201,103443.74120220015,117486.00748433813,144613.5560577358,191829.78468585602,263189.0510896749,365260.2876900299,442288.4996075058,612844.9391019739,870668.4947126737,0,0
final_only:pareto_42_201104_182m_173n,permits units SA,31486,173,182,101179.52163501794,101050.6501126984,-90.125404575521,-0.059939595374468475,6.290928946556617,14.11127929427815,57.9824308103385,102554.47608268443,202209.0,202412.0,202509.0,202605.0,202606.0,0,0
final_only:pareto_42_201104_182m_173n,employment thousands SA,31486,173,182,149.22992441084926,165.01404420143612,19.2,30.7,38.6,46.8,58.4,87.8,174.17499999999998,330.2,430.85,1030.9800000000018,1221.9,0,0
final_only:pareto_43_201105_181m_174n,ZHVI all-homes SA,31494,174,181,220900.4756086168,111589.16373994402,49348.99715611694,81969.01011700524,103642.97352943938,117648.19753387058,144472.73737559505,191585.1784581914,263052.51200105104,365080.11819376727,442286.44833835104,612838.056452801,870668.4947126737,0,0
final_only:pareto_43_201105_181m_174n,permits units SA,31494,174,181,101737.67329952748,101049.23680074586,-90.125404575521,-0.05785037991833011,6.411496178989444,14.333859986285162,58.26073558638885,201812.0,202209.0,202412.0,202509.0,202605.0,202606.0,0,0
final_only:pareto_43_201105_181m_174n,employment thousands SA,31494,174,181,148.96407569695813,164.67185495720267,19.2,30.8,38.6,46.89999999999999,58.5,88.4,173.6,329.2,430.03499999999985,1030.707,1221.9,0,0
final_only:pareto_44_201201_173m_175n,ZHVI all-homes SA,30275,175,173,223950.70188669165,112340.67824376715,49348.99715611694,82959.50184683829,105156.67549641397,119982.3692730774,147048.60441247755,195092.44745726453,266747.6410869527,369725.08590159717,446859.0936320204,618542.7561034724,870668.4947126737,0,0
final_only:pareto_44_201201_173m_175n,permits units SA,30275,175,173,101771.95042477998,101056.7699386291,-90.125404575521,-0.03992045982185744,6.537679191791103,14.36234244514834,58.48264922169715,201904.0,202211.0,202501.0,202510.0,202605.0,202606.0,0,0
final_only:pareto_44_201201_173m_175n,employment thousands SA,30275,175,173,149.0302725020644,164.92007550605666,19.2,30.800000000000004,38.7,47.0,58.650000000000006,88.1,173.6,329.9,430.3299999999999,1033.2159999999974,1221.9,0,0
final_only:pareto_45_201202_172m_176n,ZHVI all-homes SA,30272,176,172,224515.0269727895,112285.31972757803,49858.91078157383,83262.33421042791,105362.68564966551,120430.76183417997,147439.33468564728,195747.92280046386,267618.6701434411,369949.24857508665,446861.90343511384,618549.2747614147,870668.4947126737,0,0
final_only:pareto_45_201202_172m_176n,permits units SA,30272,176,172,101189.49262991417,101060.72955459227,-90.125404575521,-0.039937564247819246,6.519534417814654,14.261181541104024,57.168701915877975,102600.97608268443,202211.25,202501.0,202510.0,202605.0,202606.0,0,0
final_only:pareto_45_201202_172m_176n,employment thousands SA,30272,176,172,148.55764733086679,164.6786426981188,19.2,30.9,38.8,47.1,58.5,87.6,173.1,329.09000000000015,430.0,1032.4450000000004,1221.9,0,0
final_only:pareto_46_201206_168m_177n,ZHVI all-homes SA,29736,177,168,225982.89590458764,112549.57013655629,53935.16819948612,83871.56613701643,106134.92382445677,121716.9357173919,148881.20920014838,197078.1131555121,269422.9977870568,372334.10094051994,448537.42308175017,619903.6356215286,870668.4947126737,0,0
final_only:pareto_46_201206_168m_177n,permits units SA,29736,177,168,101193.59668889258,101064.81448769325,-90.125404575521,0.016144085487779194,6.717748320175895,14.493343539329949,56.9525931968098,102601.97608268443,202234.25,202502.0,202510.0,202605.0,202606.0,0,0
final_only:pareto_46_201206_168m_177n,employment thousands SA,29736,177,168,148.33366626311542,164.62351032859033,19.2,30.935000000000002,38.8,47.1,58.6,87.2,172.82500000000002,329.0,429.85,1033.8400000000024,1221.9,0,0
final_only:pareto_47_201209_165m_178n,ZHVI all-homes SA,29370,178,165,227022.33665407728,112726.11737464083,55844.545029282446,84815.90826264527,106941.91012755301,122684.22573175377,149798.8629236851,198170.0550190393,270993.96933321,374036.28422878595,449794.8756852636,620635.5169293355,870668.4947126737,0,0
final_only:pareto_47_201209_165m_178n,permits units SA,29370,178,165,101808.26187371452,101065.0381591969,-90.125404575521,0.06313422269189277,6.698089555304479,14.470165179796592,57.390052202604025,201908.0,202301.0,202502.0,202510.0,202605.0,202606.0,0,0
final_only:pareto_47_201209_165m_178n,employment thousands SA,29370,178,165,147.94498127340822,164.56453763513142,19.2,31.168999999999997,38.9,46.7,58.5,86.95,172.575,328.5,429.6549999999999,1035.1750000000034,1221.9,0,0
final_only:pareto_48_201401_149m_189n,ZHVI all-homes SA,28161,189,149,236520.4428298146,118458.62512666071,67804.82631024103,89361.62987473983,110512.15219079035,127523.10790271305,156235.41779573724,206152.55133962896,280663.6426400685,389625.4941134469,469574.26115358033,678411.4478646868,893691.3277472038,0,0
final_only:pareto_48_201401_149m_189n,permits units SA,28161,189,149,101890.08944958827,101082.46607519017,-90.125404575521,0.3968144402887075,7.40561940340936,14.7142011510973,56.8380279294948,202004.0,202305.0,202504.0,202511.0,202605.0,202606.0,0,0
final_only:pareto_48_201401_149m_189n,employment thousands SA,28161,189,149,145.15309115443344,164.07753790101253,19.2,27.8,37.2,43.0,56.6,83.7,170.8,330.5,435.3,1031.2800000000016,1221.9,0,0
final_only:pareto_49_201404_146m_190n,ZHVI all-homes SA,27740,190,146,238019.7598986594,118608.22409702837,69308.24910349563,90399.5565984169,111609.52844647468,128518.77676018074,157613.493200409,207548.44784782664,282694.35588916217,391240.81090274255,471104.05266197305,679704.4557409813,893691.3277472038,0,0
final_only:pareto_49_201404_146m_190n,permits units SA,27740,190,146,101215.69164807728,101088.70036905016,-90.125404575521,0.5709465956982435,7.568533266848263,14.85003723771177,55.953658960744,102651.47608268443,202306.0,202504.0,202511.0,202605.0,202606.0,0,0
final_only:pareto_49_201404_146m_190n,employment thousands SA,27740,190,146,144.8511139149243,163.9847744002628,19.2,27.839,37.2,43.1,56.475,83.5,170.6,329.5,435.0,1032.183,1221.9,0,0
final_only:pareto_50_201409_141m_191n,ZHVI all-homes SA,26931,191,141,240404.90842773864,119069.38039410987,73789.37512106508,91443.7353019488,112759.14934989021,130369.32124220034,159594.5524956841,209843.4135630124,284712.73084511317,393693.02501931443,473410.0306495436,683091.4115153558,893691.3277472038,0,0
final_only:pareto_50_201409_141m_191n,permits units SA,26931,191,141,101937.0890987514,101090.10125127064,-90.125404575521,0.8024676247215641,8.022021446759076,15.2955805756893,56.865650568847,202008.0,202307.0,202504.0,202511.0,202605.0,202606.0,0,0
final_only:pareto_50_201409_141m_191n,employment thousands SA,26931,191,141,144.6396346218113,164.02460438436103,19.2,27.9,37.2,43.2,56.2,83.2,170.5,328.7,434.75,1036.150000000002,1221.9,0,0
final_only:pareto_51_201601_125m_192n,ZHVI all-homes SA,24000,192,125,248827.51187766684,121353.40491710986,76816.6438767935,95483.28268239752,116228.89531452599,135551.28348727943,166138.52631582087,217978.19684530055,294154.69032347645,403737.5590802193,489122.47469237435,695090.1882786985,893691.3277472038,0,0
final_only:pareto_51_201601_125m_192n,permits units SA,24000,192,125,102045.8382129433,101106.58294510968,-78.5609617717921,0.9633082924588404,8.460696128777546,15.63202148714369,57.35968074817117,202104.0,202311.0,202506.0,202512.0,202605.0,202606.0,0,0
final_only:pareto_51_201601_125m_192n,employment thousands SA,24000,192,125,144.82365000000001,164.7796024712063,19.2,26.1,36.69500000000001,42.6,56.0,83.2,170.8,329.1,434.9,1059.705999999999,1221.9,0,0
final_only:pareto_52_201602_124m_194n,ZHVI all-homes SA,24056,194,124,249080.2808475851,120989.71967562215,76816.6438767935,95661.6946780356,116749.2208480539,136169.58091931662,166746.30596948546,218272.27891425882,293943.00792818813,403424.87952966546,488259.0595015412,694949.6896526642,893691.3277472038,0,0
final_only:pareto_52_201602_124m_194n,permits units SA,24056,194,124,101238.92482196557,101111.74411723024,-78.5609617717921,0.9681086377845962,8.467384496613812,15.64694157276095,57.380165442289325,102700.97608268443,202311.25,202506.0,202512.0,202605.0,202606.0,0,0
final_only:pareto_52_201602_124m_194n,employment thousands SA,24056,194,124,144.28404556035917,164.10163876963412,19.2,26.155,36.7,42.8,56.3,83.2,169.4,327.29999999999995,434.12500000000006,1057.8400000000024,1221.9,0,0
final_only:pareto_53_201801_101m_195n,ZHVI all-homes SA,19695,195,101,264251.25598052813,124119.87314314603,79317.3508097806,102992.36678161782,127490.19164836644,145972.94651030173,178835.9858388206,232125.99559815534,313888.05796793255,418675.90652821236,512717.83130419056,736062.2273335857,893691.3277472038,0,0
final_only:pareto_53_201801_101m_195n,permits units SA,19695,195,101,102262.4302751193,101131.2869695331,-78.5609617717921,2.466688512048641,9.683076065844759,16.9270170847861,58.7709322398384,202204.0,202405.0,202508.0,202601.0,202605.0,202606.0,0,0
final_only:pareto_53_201801_101m_195n,employment thousands SA,19695,195,101,144.7290124397055,164.9629924804426,19.2,25.6,36.7,42.8,56.05,83.1,169.6,329.06000000000023,434.8299999999999,1037.722000000018,1221.9,0,0
final_only:pareto_54_201904_86m_196n,ZHVI all-homes SA,16856,196,86,276021.8897979087,126161.96624889434,86255.88988322286,108736.66913260525,136969.00999047552,154387.24644941598,190676.78746535257,243227.62874026882,329938.9348099859,432958.7315638383,535818.1431322605,756677.9899602622,893691.3277472038,0,0
final_only:pareto_54_201904_86m_196n,permits units SA,16856,196,86,101277.23895003842,101155.34883685785,-78.5609617717921,2.353964982226964,9.495756131386251,16.65714611007575,56.83054115240438,102302.27666513174,202409.0,202510.0,202602.0,202606.0,202606.0,0,0
final_only:pareto_54_201904_86m_196n,employment thousands SA,16856,196,86,145.23936877076412,165.01993307586608,19.2,25.355,36.6,42.8,56.1,83.7,171.425,329.15,435.2,1014.9700000000208,1221.9,0,0
final_only:start_2004,ZHVI all-homes SA,26362,98,269,214089.2574070635,112361.21386943737,70773.62398823531,84152.93933502736,104302.99280865864,114470.5082837457,136556.93545145052,182286.51899350778,253649.1994206061,364382.5442777959,437737.92361791135,621199.6921209489,870668.4947126737,0,0
final_only:start_2004,permits units SA,26362,98,269,101469.58671556505,100951.53246525185,-90.125404575521,-0.08249754328184411,4.836337107983605,13.832824106052872,70.39495153131185,201504.0,202011.0,202404.0,202505.0,202604.0,202606.0,0,0
final_only:start_2004,employment thousands SA,26362,98,269,184.3425347090509,188.3728840413294,27.3,32.8,39.6,53.6,67.1,126.7,213.17499999999998,378.5,518.9949999999997,1158.9779999999998,1221.9,0,0
final_only:start_2005,ZHVI all-homes SA,27756,108,257,215822.4104043293,113336.82695754225,70773.62398823531,85734.6211410372,104853.5958510878,114538.30121155707,137396.3170020572,184302.12788953737,256127.72267334806,367424.58641486196,437736.2591405344,637985.3677953886,870668.4947126737,0,0
final_only:start_2005,permits units SA,27756,108,257,101499.52354497473,100963.99614876595,-90.125404575521,-0.10174986865077681,4.685387349461725,13.33742469956035,69.01223848575374,201510.0,202102.0,202405.0,202506.0,202604.0,202606.0,0,0
final_only:start_2005,employment thousands SA,27756,108,257,179.825299034443,188.60635386691033,27.3,33.3,40.0,51.0,62.5,116.15,202.8,380.0,536.0,1144.5700000000004,1221.9,0,0
final_only:start_2010,ZHVI all-homes SA,33293,169,197,216628.03717685802,110384.21961668019,49348.99715611694,80209.83654630672,101835.00201467356,115986.82073417661,141769.41026444745,186669.32793160784,257987.9772565092,359005.5792363928,435921.7918007281,607951.2121733557,870668.4947126737,0,0
final_only:start_2010,permits units SA,33293,169,197,101675.40164005912,101032.24710683474,-90.125404575521,-0.1623223158045074,5.64981684921992,13.76243093075606,59.3405797120557,201804.0,202205.0,202411.0,202509.0,202605.0,202606.0,0,0
final_only:start_2010,employment thousands SA,33293,169,197,150.68570570390173,164.99772910551437,19.2,30.5,39.2,47.60000000000001,59.1,89.5,175.5,332.0,431.63999999999976,1025.664000000006,1221.9,0,0
