year,variable,count,number_of_msas,number_of_months,mean,standard_deviation,minimum,p1,p5,p10,p25,median,p75,p90,p95,p99,maximum,zero_count,missing_count
2004,ZHVI all-homes SA,1664,143,12,155925.75571879937,71279.87972623986,75259.16352983448,78226.20809251623,96466.05780506511,99489.84318709446,108610.62019788432,132638.69895286713,176935.22327133946,238922.54000080694,279236.1750779911,484100.75442679855,568449.3627869446,0,0
2004,permits units SA,1664,143,12,100782.15310417509,100719.52140142847,-22.2714070164313,-0.4739855763231924,1.3820703680419424,5.801282740651915,34.849871954615594,100986.82791230554,201506.0,201508.0,201509.0,201509.0,201509.0,0,0
2004,employment thousands SA,1664,143,12,151.70594951923078,161.86058307394217,16.6,31.863,39.6,42.6,57.975,93.3,169.0,339.06000000000034,402.68499999999995,936.1109999999999,1167.6,0,0
2005,ZHVI all-homes SA,1752,151,12,172765.6313011308,87280.76906226802,79200.10221610287,83525.76984933417,100072.34583097932,104048.74224361949,114480.6167391172,146230.2367579719,199465.8433397884,280232.5206300549,314496.72660464153,584104.9049590763,698407.3577725199,0,0
2005,permits units SA,1752,151,12,100462.34396399178,100743.44201832356,-15.5080243241457,-0.13035400974670389,1.4389938935698416,7.07654045182827,38.41356167759238,883.4694838506196,201512.0,201602.0,201603.0,201603.0,201603.0,0,0
2005,employment thousands SA,1752,151,12,150.6518835616438,160.854568178269,17.6,32.6,40.1,43.4,57.5,92.2,169.7,337.46000000000004,417.3599999999999,940.4350000000001,1166.2,0,0
2006,ZHVI all-homes SA,1815,153,12,185837.33562168968,96638.84171716812,83464.33445549845,86451.82591798839,104286.92298185822,109220.29110370853,119979.26907852336,155227.01345977804,220938.69428375445,310736.1148869304,337283.5631435525,644491.625408273,721642.8646421131,0,0
2006,permits units SA,1815,153,12,100776.94860395572,100766.32480679265,-11.1547871734087,-0.4855272726558542,1.2916329046535202,6.071988162867988,35.725458350572296,1231.57693639893,201606.0,201608.0,201609.0,201609.0,201609.0,0,0
2006,employment thousands SA,1815,153,12,151.53741046831956,160.73912128091104,17.7,32.9,42.1,44.5,58.5,91.9,173.0,338.56000000000006,426.04999999999995,949.2719999999999,1174.4,0,0
2007,ZHVI all-homes SA,1849,156,12,187518.94821861034,90250.76053309927,87225.48106092364,89816.37141620806,104942.85587306332,111362.19187039783,124319.5889585452,160442.65026116822,229037.10052641868,304017.10864825913,344448.16612894577,614634.6997687869,697158.668385249,0,0
2007,permits units SA,1849,156,12,100695.63434680195,100792.52995810885,-4.42787465149549,-0.011777740295004018,1.8322668500126205,6.946777591885418,40.3830407291924,1253.93785163472,201612.0,201702.0,201703.0,201703.0,201703.0,0,0
2007,employment thousands SA,1849,156,12,152.0031368307193,161.41502975244222,18.1,33.096000000000004,40.879999999999995,45.080000000000005,58.5,91.5,174.9,340.47999999999996,434.17999999999995,960.808,1181.8,0,0
2008,ZHVI all-homes SA,1909,163,12,177981.98694451645,74076.25872150331,78553.23945835115,88535.96745933234,97650.94849784796,110876.53622912259,127282.15529701962,158067.68544878194,209130.7805995162,270065.91800232127,308226.7453320873,481044.1393366374,590269.2689842236,0,0
2008,permits units SA,1909,163,12,100621.01389001076,100812.55768074728,-13.9192999786068,-0.463963184501282,0.9627001184388048,6.283681968105706,38.6198433289769,1258.59759348666,201706.0,201708.0,201709.0,201709.0,201709.0,0,0
2008,employment thousands SA,1909,163,12,149.0732844421163,159.37286416130655,18.6,32.2,40.24,45.39999999999999,58.2,86.4,174.7,331.0400000000001,421.3599999999966,957.172,1183.4,0,0
2009,ZHVI all-homes SA,2220,188,12,160954.97906225218,57434.42813207973,68289.45547389243,78867.07213083057,91297.77546119234,107056.7449728538,122345.22200538508,148325.18578349997,184192.6869966865,235612.52262908715,268918.4127590755,375629.5951647764,506489.2940228731,0,0
2009,permits units SA,2220,188,12,100818.92644864357,100840.46529603025,-3.35310759028944,-0.061245697897719185,1.923620099868803,7.129508345796489,38.203615179081375,1463.3602594213799,201712.0,201802.0,201803.0,201803.0,201803.0,0,0
2009,employment thousands SA,2220,188,12,132.41945945945946,145.30166776385533,18.8,30.676000000000002,37.7,42.690000000000005,54.8,75.95,151.525,289.82000000000033,376.5349999999998,913.3199999999999,1166.0,0,0
2010,ZHVI all-homes SA,2258,189,12,156043.89755142637,53535.823588202074,58272.4168069872,77405.913738191,88628.30385350151,103894.71002860318,123128.14681362172,146051.70123595052,175729.79365949065,220417.5506614069,261844.7036020413,374374.85682550934,421810.6145111459,0,0
2010,permits units SA,2258,189,12,100844.93164218446,100862.86894917488,-65.3049756942702,-0.7439447508755606,1.7428517470787783,7.082363826390996,36.356282787690674,1453.774556674215,201806.0,201808.0,201809.0,201809.0,201809.0,0,0
2010,employment thousands SA,2258,189,12,130.44681133746678,143.96423204129704,19.6,29.0,37.385,42.2,54.4,74.7,150.275,283.8,369.015,914.443,1166.1,0,0
2011,ZHVI all-homes SA,2264,189,12,149319.8436390649,50130.85455316291,49451.11095401488,74885.60092321993,84476.92272329728,98555.60747912253,119120.99055105523,139247.33057240222,171790.3728534048,206982.7331229747,238764.92563269183,356205.3271124719,414173.5381506867,0,0
2011,permits units SA,2264,189,12,100960.02955591689,100889.13160588908,-7.81508962053549,-0.046752856120990324,2.0822151664058643,7.644268481644978,37.303649457488504,101749.20738299443,201812.0,201902.0,201903.0,201903.0,201903.0,0,0
2011,employment thousands SA,2264,189,12,131.42429328621907,146.00629452086113,20.1,28.726000000000003,37.615,42.3,54.7,75.15,150.7,286.04,372.465,928.4839999999996,1183.1,0,0
2012,ZHVI all-homes SA,2275,190,12,148333.33595515543,48742.88538074146,49348.99715611694,71990.85452519369,86902.14798519849,98930.48362519746,118845.0274866827,137940.360811581,170813.40423681514,202785.9980266951,232007.56145003863,347172.77501388325,405348.04390228074,0,0
2012,permits units SA,2275,190,12,100941.7854475824,100911.11737586025,-5.25717835033095,-0.7143142866422076,1.3681008287288197,6.829978016363861,39.031649773855705,1628.19359939405,201906.0,201908.0,201909.0,201909.0,201909.0,0,0
2012,employment thousands SA,2275,190,12,132.90773626373624,148.15138422912872,19.8,28.048000000000002,38.37,42.9,55.3,75.9,152.2,291.58000000000004,370.1,957.443999999999,1194.1,0,0
2013,ZHVI all-homes SA,2280,190,12,155297.17589209176,54538.195494953914,58402.597759353666,73564.88345060362,89739.51665923743,101348.95272344656,121808.390117236,143464.37291194047,178316.4207776616,215541.02205077902,255932.23811547217,363352.19493759854,491458.3593736131,0,0
2013,permits units SA,2280,190,12,101012.8254186883,100936.31961473504,-15.9873268100693,-0.6303394680981806,1.866866156137708,7.417404350465603,37.74520807187908,101366.62047112288,201912.0,202002.0,202003.0,202003.0,202003.0,0,0
2013,employment thousands SA,2280,190,12,134.44934210526316,149.99119523524385,19.2,27.779000000000003,38.595,43.7,55.5,77.0,155.97500000000002,294.31,375.2,981.842,1190.8,0,0
2014,ZHVI all-homes SA,2403,201,12,164481.00587741195,65740.80068448614,67804.82631024103,75617.414205729,91226.3510166497,103194.00034577695,125796.53903720202,150937.43284396615,191222.16058470664,230682.09896505132,275939.760620942,435654.75062041444,547683.2122888936,0,0
2014,permits units SA,2403,201,12,100998.16994246545,100960.59477534721,-90.125404575521,-1.2469395673549895,1.4788478449741613,6.264543217832854,38.942075355936254,1424.65735763172,202006.0,202008.0,202009.0,202009.0,202009.0,0,0
2014,employment thousands SA,2403,201,12,133.90208073241783,151.30521888866232,19.4,27.5,37.8,42.0,54.6,76.5,151.0,298.4,386.7700000000001,634.856,1193.3,0,0
2015,ZHVI all-homes SA,2304,192,12,171248.72180939483,66762.80668722298,75766.12055077426,79190.78579062839,93568.21471975306,107692.21339544191,130090.6710947766,157218.867177825,200599.23988296537,246383.1569430231,290227.9401467247,441184.1395780924,576614.2951426638,0,0
2015,permits units SA,2304,192,12,101092.29932687436,100986.24360610882,-7.51334624594878,-0.17494207160951064,2.889297896991778,10.045389293198049,50.274320241302476,102123.06614790764,202034.25,202102.0,202103.0,202103.0,202103.0,0,0
2015,employment thousands SA,2304,192,12,138.83910590277776,156.24353223825509,19.5,26.157000000000004,37.6,42.9,55.9,79.69999999999999,159.875,307.4,407.73499999999984,1019.5739999999251,1194.5,0,0
2016,ZHVI all-homes SA,2338,195,12,179419.61723736842,72812.4010034075,76816.6438767935,82365.29477229738,97155.57031967785,107700.39266400888,134777.27986420007,164127.16455831443,209093.97047721897,260824.29896086344,305913.72708840657,490650.5189323162,614554.3047748874,0,0
2016,permits units SA,2338,195,12,101029.72219085456,101012.07911304187,-18.0381859541144,-1.8143838324204902,0.9566615906720148,7.39151071430504,50.4221260558171,2576.062402974225,202106.75,202108.0,202109.0,202109.0,202109.0,0,0
2016,employment thousands SA,2338,195,12,139.51903336184773,157.51236260820363,19.3,26.637,37.2,42.47,56.0,80.05,161.35,311.9100000000001,406.6600000000001,914.8580000000412,1192.5,0,0
2017,ZHVI all-homes SA,2340,195,12,188241.75039781662,79491.05100499773,79912.94412916468,85602.41479013703,100884.97802747363,110031.3604830687,138521.49192048423,169913.98158295307,216638.70262488443,281724.2804226155,333776.3911513236,525648.9148734007,649425.5015115753,0,0
2017,permits units SA,2340,195,12,101150.80314950166,101027.44151286838,-3.14603522663561,1.182062187428678,6.649429706271927,14.994709072511212,58.323050002172124,102703.47608268443,202134.25,202202.0,202203.0,202203.0,202203.0,0,0
2017,employment thousands SA,2340,195,12,141.10572649572651,159.51997667980385,19.9,26.3,36.8,43.49,55.9,81.4,165.425,316.5,409.60499999999996,929.3170000000484,1207.4,0,0
2018,ZHVI all-homes SA,2352,196,12,198846.47738762992,85510.09165022307,79317.3508097806,91304.77604789447,105259.69816007024,115093.36111505055,144678.40802877644,177161.13605835158,227634.4150980712,305393.36340871576,358808.3357155198,551665.5213033091,671109.2208143111,0,0
2018,permits units SA,2352,196,12,101174.13118409827,101053.97752139973,-20.0071725289796,3.3074704671809974,10.84578895738698,17.99041946355325,61.826591249513974,102368.24465579538,202206.25,202208.0,202209.0,202209.0,202209.0,0,0
2018,employment thousands SA,2352,196,12,142.6357568027211,161.64217978144563,20.4,25.953000000000003,36.955,43.9,56.2,82.25,164.54999999999998,320.88,412.3649999999993,900.4339999999178,1216.5,0,0
2019,ZHVI all-homes SA,2350,196,12,209398.4251487686,89363.14115850872,83607.33862885972,96252.23903027517,109460.76162587013,122263.12071798473,152634.74438028835,187130.39972709055,238753.9162017348,325954.6774253267,381244.7353947511,575506.8562977348,671084.2158845725,0,0
2019,permits units SA,2350,196,12,101187.05846104116,101091.09242670561,-15.3462544813181,2.4226385027118944,8.197920787924916,14.366521303748058,50.28103496306597,102172.39157877502,202278.75,202302.0,202303.0,202303.0,202303.0,0,0
2019,employment thousands SA,2350,196,12,144.1842978723404,163.6685164149509,20.9,26.343000000000004,37.1,43.68000000000001,56.324999999999996,81.85,168.02499999999998,327.40999999999997,415.0749999999999,921.8909999999116,1221.9,0,0
2020,ZHVI all-homes SA,2352,196,12,223160.73861333347,94422.65971896231,86557.12311854267,101953.16464137798,117063.6259849511,130806.05640936119,162611.2663890306,198447.9120211272,254928.6091203627,346385.8184082085,406349.42761893966,605174.3663698935,699206.7133237516,0,0
2020,permits units SA,2352,196,12,101217.44354168717,101110.65906634383,-13.9844447006497,2.4629230024674156,9.017593776522926,16.893942816240227,56.6887423520821,102114.88407169525,202306.25,202308.0,202309.0,202309.0,202309.0,0,0
2020,employment thousands SA,2352,196,12,136.26602891156463,154.56722749705082,19.2,25.151000000000003,35.0,40.410000000000004,52.8,78.0,158.5,311.09000000000003,401.145,848.3369999999495,1220.3,0,0
2021,ZHVI all-homes SA,2352,196,12,255807.82389198252,114822.53086963724,92420.21626848118,116561.95256352054,131127.3488235434,149260.3900187154,181799.3789260117,221393.5349388665,295754.80159887084,405690.0813675118,491716.2890719691,695705.4997996262,796315.1476248255,0,0
2021,permits units SA,2352,196,12,101242.08369451565,101136.01578143342,-30.241009474117,3.124675846427165,9.926242960050953,16.00583991020628,55.6578398599111,101973.56206147403,202334.25,202402.0,202403.0,202403.0,202403.0,0,0
2021,employment thousands SA,2352,196,12,140.11960034013606,158.7593271811238,21.1,25.518000000000004,35.9,41.309999999999995,54.0,80.05,166.125,319.66,408.5349999999996,917.3819999999275,1160.5,0,0
2022,ZHVI all-homes SA,2352,196,12,289529.1468797179,133140.61709310306,98831.34912815159,127712.11419226824,143862.73432505023,163624.0215929513,202910.0949142783,251919.18012238722,341141.84687251854,458606.0374057701,563119.6259560175,801959.0470955598,893691.3277472038,0,0
2022,permits units SA,2352,196,12,101265.01782871081,101163.08141082307,-78.5609617717921,1.6308025187005257,9.446638693675844,16.631767242254853,59.473042714946374,102179.24824325753,202406.25,202408.0,202409.0,202409.0,202409.0,0,0
2022,employment thousands SA,2352,196,12,145.01483843537417,164.36661610059934,21.2,26.018000000000004,36.955,42.8,56.0,82.8,170.55,332.4800000000002,425.9249999999999,951.0339999999244,1179.7,0,0
2023,ZHVI all-homes SA,2352,196,12,296935.5131205186,128748.6556572089,99379.22471913813,132558.9371957269,150045.53383572923,167980.51550405825,210963.94767177716,265159.6148546799,352317.0920724302,448164.280137978,553636.8329564622,782580.8389670949,862639.5445139002,0,0
2023,permits units SA,2352,196,12,101291.39099935583,101186.7205818023,-48.047347941726,2.401548495987767,10.245129119361685,16.729908385048752,58.46656978468748,102091.01222038596,202434.25,202502.0,202503.0,202503.0,202503.0,0,0
2023,employment thousands SA,2352,196,12,148.06479591836737,167.8781921864275,21.6,26.026000000000003,36.9,43.8,56.875,84.15,175.47500000000002,338.69,439.26999999999987,968.9059999999238,1197.6,0,0
2024,ZHVI all-homes SA,2352,196,12,307841.7317216187,131631.96318025826,109733.96383934107,130342.00039334157,159088.5277752268,177038.88070199348,216831.39060253312,275492.60318308906,364953.23237262364,471501.1938750187,567943.2983688088,805634.6627139279,870147.8044027388,0,0
2024,permits units SA,2352,196,12,101315.15966086154,101212.95047011196,-30.4948909986356,2.3656653664070877,10.366672089126634,17.33346728811155,58.4661789762548,102448.27666513174,202506.25,202508.0,202509.0,202509.0,202509.0,0,0
2024,employment thousands SA,2352,196,12,149.85425170068027,170.2886621193512,21.7,25.979000000000006,37.4,44.309999999999995,58.0,85.5,177.84999999999997,339.59000000000003,448.11999999999966,980.8659999999229,1203.9,0,0
2025,ZHVI all-homes SA,2352,196,12,314008.5354104281,130859.74279489716,115719.70292590368,131675.15542374962,166589.45250674762,184473.5511651782,221112.61164081356,282995.9414868196,370994.8864222096,473990.2577509698,576258.5944355001,804949.08145502,870668.4947126737,0,0
2025,permits units SA,2352,196,12,101341.68663530308,101236.4309767049,-15.2969973950665,1.8143698461099342,9.54814240425396,17.434857463045297,59.7206555876984,101918.35752620293,202534.25,202602.0,202603.0,202603.0,202603.0,0,0
2025,employment thousands SA,2352,196,12,150.53027210884355,171.4277185089137,21.7,26.232000000000006,36.955,43.910000000000004,58.2,86.1,179.8,338.48,453.6249999999999,993.1019999999171,1208.0,0,0
2026,ZHVI all-homes SA,1176,196,6,318517.19065799605,129587.75534777668,117883.96168601351,139112.3484022409,170644.1273170265,193101.24015214993,226411.03312398246,285344.36668360606,377508.10422205,475441.9503582837,580527.8515561679,792433.5957647328,859689.5342688886,0,0
2026,permits units SA,1176,196,6,101368.29241575349,101279.87501741778,-0.887615493407228,3.480442279944705,10.605493498733825,19.31572903214915,59.595718867542175,102332.27526311467,202605.0,202606.0,202606.0,202606.0,202606.0,0,0
2026,employment thousands SA,1176,196,6,150.67551020408163,171.4866805191708,21.7,26.825000000000003,36.775,43.75,58.4,86.44999999999999,179.97500000000002,337.25,457.075,901.375,1209.7,0,0
