start_date,end_date,T_months,N_complete_msas,NT,NT_over_N_plus_T,number_excluded_for_ZHVI,number_excluded_for_permits_SA,number_excluded_for_employment_SA,number_excluded_for_geographic_ambiguity,number_containing_preliminary_BLS_observations,number_affected_by_X13_warnings,complete_cbsa_codes
2004-01-01,2026-06-01,270,98,26460,71.90217391304348,96,25,0,679,98,0,10420;10740;11020;11460;11700;12620;12700;12940;12980;13020;13380;13780;13820;14020;14500;14540;16180;16300;16620;17020;17420;17820;18140;20020;21300;21340;21500;21780;22180;22380;23060;23420;23460;23540;23580;24300;24540;26300;26820;27060;27140;27180;27260;27740;27860;28740;28940;29180;29540;29740;30700;31340;31540;32780;33660;33700;33780;33860;35300;35660;36100;36260;36420;37900;38300;38340;38940;39380;39460;39740;39820;39900;40340;40380;40420;40980;41420;41500;41540;42140;42340;43900;44140;44220;45060;45220;45780;45820;46140;46220;46700;47220;47300;47580;48620;48900;49340;49420
2004-05-01,2026-06-01,266,99,26334,72.14794520547945,94,25,0,679,99,0,10420;10740;11020;11460;11700;12620;12700;12940;12980;13020;13380;13460;13780;13820;14020;14500;14540;16180;16300;16620;17020;17420;17820;18140;20020;21300;21340;21500;21780;22180;22380;23060;23420;23460;23540;23580;24300;24540;26300;26820;27060;27140;27180;27260;27740;27860;28740;28940;29180;29540;29740;30700;31340;31540;32780;33660;33700;33780;33860;35300;35660;36100;36260;36420;37900;38300;38340;38940;39380;39460;39740;39820;39900;40340;40380;40420;40980;41420;41500;41540;42140;42340;43900;44140;44220;45060;45220;45780;45820;46140;46220;46700;47220;47300;47580;48620;48900;49340;49420
2004-08-01,2026-06-01,263,102,26826,73.4958904109589,91,25,0,679,102,0,10420;10740;11020;11460;11700;12620;12700;12940;12980;13020;13380;13460;13780;13820;14020;14500;14540;16180;16300;16620;17020;17420;17820;18140;20020;21300;21340;21500;21780;22180;22380;23060;23420;23460;23540;23580;24300;24540;26300;26820;27060;27140;27180;27260;27740;27860;28740;28940;29180;29540;29740;29940;30700;31340;31540;32780;32900;33660;33700;33780;33860;35300;35660;36100;36260;36420;37900;38300;38340;38940;39380;39460;39740;39820;39900;40060;40340;40380;40420;40980;41420;41500;41540;42140;42340;43900;44140;44220;45060;45220;45780;45820;46140;46220;46700;47220;47300;47580;48620;48900;49340;49420
2004-09-01,2026-06-01,262,103,26986,73.93424657534247,90,25,0,679,103,0,10420;10740;11020;11460;11700;12620;12700;12940;12980;13020;13380;13460;13780;13820;14020;14500;14540;16180;16300;16620;17020;17420;17820;18140;20020;21300;21340;21500;21780;22180;22380;23060;23420;23460;23540;23580;24300;24540;26300;26820;27060;27140;27180;27260;27740;27860;28740;28940;29180;29540;29740;29940;30700;31340;31540;32780;32900;33660;33700;33780;33860;35300;35660;36100;36260;36420;37900;38300;38340;38940;39380;39460;39740;39820;39900;40060;40340;40380;40420;40980;41420;41500;41540;42140;42340;43900;44140;44220;45060;45220;45780;45820;46140;46220;46700;47220;47300;47580;48620;48900;49340;49420;49740
2004-10-01,2026-06-01,261,104,27144,74.36712328767123,89,25,0,679,104,0,10420;10740;11020;11460;11700;12620;12700;12940;12980;13020;13380;13460;13780;13820;14020;14500;14540;16180;16300;16620;17020;17420;17820;18140;20020;21300;21340;21500;21780;22180;22380;23060;23420;23460;23540;23580;24020;24300;24540;26300;26820;27060;27140;27180;27260;27740;27860;28740;28940;29180;29540;29740;29940;30700;31340;31540;32780;32900;33660;33700;33780;33860;35300;35660;36100;36260;36420;37900;38300;38340;38940;39380;39460;39740;39820;39900;40060;40340;40380;40420;40980;41420;41500;41540;42140;42340;43900;44140;44220;45060;45220;45780;45820;46140;46220;46700;47220;47300;47580;48620;48900;49340;49420;49740
2004-11-01,2026-06-01,260,106,27560,75.30054644808743,86,25,0,679,106,0,10420;10740;11020;11460;11700;12620;12700;12940;12980;13020;13380;13460;13780;13820;14020;14500;14540;16180;16300;16620;17020;17420;17820;18140;18580;20020;21300;21340;21500;21780;22180;22380;23060;23420;23460;23540;23580;24020;24300;24540;26300;26820;27060;27140;27180;27260;27740;27860;28740;28940;29180;29540;29740;29940;30620;30700;31340;31540;32780;32900;33660;33700;33780;33860;35300;35660;36100;36260;36420;37900;38300;38340;38940;39380;39460;39740;39820;39900;40060;40340;40380;40420;40980;41420;41500;41540;42140;42340;43900;44140;44220;45060;45220;45780;45820;46140;46220;46700;47220;47300;47580;48620;48900;49340;49420;49740
2004-12-01,2026-06-01,259,107,27713,75.71857923497268,85,25,0,679,107,0,10420;10740;11020;11460;11700;12620;12700;12940;12980;13020;13380;13460;13780;13820;14020;14500;14540;16180;16300;16620;17020;17420;17820;18140;18580;20020;21300;21340;21500;21780;22180;22380;23060;23420;23460;23540;23580;24020;24300;24540;26300;26820;27060;27140;27180;27260;27740;27780;27860;28740;28940;29180;29540;29740;29940;30620;30700;31340;31540;32780;32900;33660;33700;33780;33860;35300;35660;36100;36260;36420;37900;38300;38340;38940;39380;39460;39740;39820;39900;40060;40340;40380;40420;40980;41420;41500;41540;42140;42340;43900;44140;44220;45060;45220;45780;45820;46140;46220;46700;47220;47300;47580;48620;48900;49340;49420;49740
2005-01-01,2026-06-01,258,108,27864,76.1311475409836,84,25,0,679,108,0,10420;10740;11020;11460;11700;12620;12700;12940;12980;13020;13380;13460;13780;13820;14020;14500;14540;16180;16300;16620;17020;17420;17820;18140;18580;20020;21300;21340;21500;21780;22180;22380;23060;23420;23460;23540;23580;24020;24300;24540;26300;26820;27060;27140;27180;27260;27740;27780;27860;28740;28940;29180;29540;29740;29940;30620;30700;31340;31540;32780;32900;33660;33700;33780;33860;35300;35660;36100;36260;36420;37900;38300;38340;38940;39380;39460;39740;39820;39900;40060;40340;40380;40420;40660;40980;41420;41500;41540;42140;42340;43900;44140;44220;45060;45220;45780;45820;46140;46220;46700;47220;47300;47580;48620;48900;49340;49420;49740
2005-02-01,2026-06-01,257,110,28270,77.02997275204359,82,25,0,679,110,0,10420;10500;10740;11020;11460;11700;12620;12700;12940;12980;13020;13380;13460;13780;13820;14020;14500;14540;16180;16300;16620;17020;17420;17820;18140;18580;20020;21300;21340;21500;21780;22180;22380;23060;23420;23460;23540;23580;24020;24300;24540;26300;26820;27060;27140;27180;27260;27740;27780;27860;28740;28940;29180;29540;29740;29940;30620;30700;31340;31540;32780;32900;33540;33660;33700;33780;33860;35300;35660;36100;36260;36420;37900;38300;38340;38940;39380;39460;39740;39820;39900;40060;40340;40380;40420;40660;40980;41420;41500;41540;42140;42340;43900;44140;44220;45060;45220;45780;45820;46140;46220;46700;47220;47300;47580;48620;48900;49340;49420;49740
2005-05-01,2026-06-01,254,111,28194,77.24383561643836,80,25,0,679,111,0,10420;10500;10740;11020;11460;11540;11700;12620;12700;12940;12980;13020;13380;13460;13780;13820;14020;14500;14540;16180;16300;16620;17020;17420;17820;18140;18580;20020;21300;21340;21500;21780;22180;22380;23060;23420;23460;23540;23580;24020;24300;24540;26300;26820;27060;27140;27180;27260;27740;27780;27860;28740;28940;29180;29540;29740;29940;30620;30700;31340;31540;32780;32900;33540;33660;33700;33780;33860;35300;35660;36100;36260;36420;37900;38300;38340;38940;39380;39460;39740;39820;39900;40060;40340;40380;40420;40660;40980;41420;41500;41540;42140;42340;43900;44140;44220;45060;45220;45780;45820;46140;46220;46700;47220;47300;47580;48620;48900;49340;49420;49740
2005-06-01,2026-06-01,253,113,28589,78.1120218579235,78,25,0,679,113,0,10420;10500;10740;11020;11460;11540;11700;12620;12700;12940;12980;13020;13380;13460;13780;13820;14020;14500;14540;16180;16300;16620;17020;17420;17820;18140;18580;20020;21300;21340;21500;21780;22180;22380;23060;23420;23460;23540;23580;24020;24300;24540;26300;26820;27060;27140;27180;27260;27740;27780;27860;28740;28940;29180;29540;29740;29940;30620;30700;31340;31540;32780;32900;33540;33660;33700;33780;33860;35300;35660;36100;36260;36420;37900;38300;38340;38940;39380;39460;39740;39820;39900;40060;40340;40380;40420;40660;40980;41060;41420;41500;41540;42140;42340;43900;44140;44220;45060;45220;45780;45820;46060;46140;46220;46700;47220;47300;47580;48620;48900;49340;49420;49740
2005-07-01,2026-06-01,252,116,29232,79.43478260869566,75,25,0,679,116,0,10420;10500;10740;11020;11460;11540;11700;12620;12700;12940;12980;13020;13380;13460;13780;13820;14020;14500;14540;16180;16300;16620;17020;17420;17820;18020;18140;18580;20020;21300;21340;21500;21780;22180;22380;23060;23420;23460;23540;23580;24020;24300;24540;26300;26620;26820;27060;27140;27180;27260;27740;27780;27860;28740;28940;29180;29540;29740;29940;30620;30700;31340;31540;32780;32900;33540;33660;33700;33780;33860;35300;35660;36100;36260;36420;37900;38300;38340;38940;39380;39460;39740;39820;39900;40060;40340;40380;40420;40660;40980;41060;41420;41500;41540;42140;42340;43900;44140;44220;44300;45060;45220;45780;45820;46060;46140;46220;46700;47220;47300;47580;48620;48900;49340;49420;49740
2005-08-01,2026-06-01,251,118,29618,80.26558265582656,73,25,0,679,118,0,10420;10500;10740;11020;11460;11540;11700;12620;12700;12940;12980;13020;13380;13460;13780;13820;14020;14500;14540;16180;16300;16620;17020;17420;17820;17860;18020;18140;18580;20020;21300;21340;21500;21780;22180;22380;23060;23420;23460;23540;23580;24020;24300;24540;26300;26620;26820;27060;27140;27180;27260;27340;27740;27780;27860;28740;28940;29180;29540;29740;29940;30620;30700;31340;31540;32780;32900;33540;33660;33700;33780;33860;35300;35660;36100;36260;36420;37900;38300;38340;38940;39380;39460;39740;39820;39900;40060;40340;40380;40420;40660;40980;41060;41420;41500;41540;42140;42340;43900;44140;44220;44300;45060;45220;45780;45820;46060;46140;46220;46700;47220;47300;47580;48620;48900;49340;49420;49740
2005-09-01,2026-06-01,250,120,30000,81.08108108108108,71,25,0,679,120,0,10420;10500;10740;11020;11460;11540;11700;12620;12700;12940;12980;13020;13380;13460;13780;13820;14020;14260;14500;14540;16180;16300;16620;17020;17420;17820;17860;18020;18140;18580;20020;21300;21340;21500;21780;22180;22380;22500;23060;23420;23460;23540;23580;24020;24300;24540;26300;26620;26820;27060;27140;27180;27260;27340;27740;27780;27860;28740;28940;29180;29540;29740;29940;30620;30700;31340;31540;32780;32900;33540;33660;33700;33780;33860;35300;35660;36100;36260;36420;37900;38300;38340;38940;39380;39460;39740;39820;39900;40060;40340;40380;40420;40660;40980;41060;41420;41500;41540;42140;42340;43900;44140;44220;44300;45060;45220;45780;45820;46060;46140;46220;46700;47220;47300;47580;48620;48900;49340;49420;49740
2005-10-01,2026-06-01,249,121,30129,81.42972972972973,69,25,0,679,121,0,10420;10500;10740;11020;11460;11540;11700;12620;12700;12940;12980;13020;13380;13460;13780;13820;14020;14260;14500;14540;16180;16300;16620;17020;17420;17820;17860;18020;18140;18580;20020;21300;21340;21500;21780;22180;22380;22500;23060;23420;23460;23540;23580;24020;24300;24540;26300;26620;26820;27060;27140;27180;27260;27340;27740;27780;27860;28740;28940;29180;29540;29740;29940;30620;30700;30980;31340;31540;32780;32900;33540;33660;33700;33780;33860;35300;35660;36100;36260;36420;37900;38300;38340;38940;39380;39460;39740;39820;39900;40060;40340;40380;40420;40660;40980;41060;41420;41500;41540;42140;42340;43900;44140;44220;44300;45060;45220;45780;45820;46060;46140;46220;46700;47220;47300;47580;48620;48900;49340;49420;49740
2005-12-01,2026-06-01,247,122,30134,81.6639566395664,68,25,0,679,122,0,10420;10500;10740;11020;11460;11540;11700;12620;12700;12940;12980;13020;13380;13460;13780;13820;14020;14260;14500;14540;16180;16300;16620;17020;17420;17820;17860;18020;18140;18580;20020;21300;21340;21500;21780;22180;22380;22500;23060;23420;23460;23540;23580;24020;24300;24540;26300;26620;26820;27060;27140;27180;27260;27340;27740;27780;27860;28740;28940;29180;29540;29740;29940;30620;30700;30980;31340;31540;32780;32900;33540;33660;33700;33780;33860;35300;35660;36100;36260;36420;37900;38300;38340;38940;39380;39460;39740;39820;39900;40060;40340;40380;40420;40660;40980;41060;41420;41500;41540;42140;42340;43900;44140;44220;44300;45060;45220;45780;45820;46060;46140;46220;46700;47220;47300;47580;48620;48700;48900;49340;49420;49740
2006-07-01,2026-06-01,240,123,29520,81.32231404958678,67,25,0,679,123,0,10420;10500;10740;11020;11460;11540;11700;12620;12700;12940;12980;13020;13380;13460;13780;13820;14020;14260;14500;14540;16180;16300;16620;17020;17420;17820;17860;18020;18140;18580;20020;21300;21340;21500;21780;22180;22380;22500;23060;23420;23460;23540;23580;24020;24300;24540;26300;26620;26820;27060;27140;27180;27260;27340;27740;27780;27860;28740;28940;29180;29540;29740;29940;30620;30700;30980;31340;31540;32780;32900;33540;33660;33700;33780;33860;35300;35660;36100;36260;36420;37900;38300;38340;38940;39380;39460;39740;39820;39900;40060;40340;40380;40420;40660;40980;41060;41420;41500;41540;42140;42340;43900;44100;44140;44220;44300;45060;45220;45780;45820;46060;46140;46220;46700;47220;47300;47580;48620;48700;48900;49340;49420;49740
2006-08-01,2026-06-01,239,125,29875,82.07417582417582,65,25,0,679,125,0,10420;10500;10740;11020;11460;11540;11700;12620;12700;12940;12980;13020;13380;13460;13780;13820;14020;14260;14500;14540;16180;16300;16620;17020;17420;17820;17860;18020;18140;18580;19460;20020;21300;21340;21500;21780;22180;22380;22500;23060;23420;23460;23540;23580;24020;24300;24540;25980;26300;26620;26820;27060;27140;27180;27260;27340;27740;27780;27860;28740;28940;29180;29540;29740;29940;30620;30700;30980;31340;31540;32780;32900;33540;33660;33700;33780;33860;35300;35660;36100;36260;36420;37900;38300;38340;38940;39380;39460;39740;39820;39900;40060;40340;40380;40420;40660;40980;41060;41420;41500;41540;42140;42340;43900;44100;44140;44220;44300;45060;45220;45780;45820;46060;46140;46220;46700;47220;47300;47580;48620;48700;48900;49340;49420;49740
2006-09-01,2026-06-01,238,126,29988,82.38461538461539,64,25,0,679,126,0,10420;10500;10740;11020;11460;11540;11700;12620;12700;12940;12980;13020;13380;13460;13780;13820;14020;14260;14500;14540;16180;16300;16620;16820;17020;17420;17820;17860;18020;18140;18580;19460;20020;21300;21340;21500;21780;22180;22380;22500;23060;23420;23460;23540;23580;24020;24300;24540;25980;26300;26620;26820;27060;27140;27180;27260;27340;27740;27780;27860;28740;28940;29180;29540;29740;29940;30620;30700;30980;31340;31540;32780;32900;33540;33660;33700;33780;33860;35300;35660;36100;36260;36420;37900;38300;38340;38940;39380;39460;39740;39820;39900;40060;40340;40380;40420;40660;40980;41060;41420;41500;41540;42140;42340;43900;44100;44140;44220;44300;45060;45220;45780;45820;46060;46140;46220;46700;47220;47300;47580;48620;48700;48900;49340;49420;49740
2006-11-01,2026-06-01,236,127,29972,82.56749311294766,63,25,0,679,127,0,10420;10500;10740;11020;11460;11540;11700;12620;12700;12940;12980;13020;13380;13460;13780;13820;14020;14260;14500;14540;16180;16300;16620;16820;17020;17420;17820;17860;18020;18140;18580;19460;20020;21300;21340;21500;21780;22180;22380;22500;23060;23420;23460;23540;23580;24020;24300;24540;25980;26300;26620;26820;27060;27140;27180;27260;27340;27740;27780;27860;28740;28940;29180;29540;29740;29940;30620;30700;30980;31180;31340;31540;32780;32900;33540;33660;33700;33780;33860;35300;35660;36100;36260;36420;37900;38300;38340;38940;39380;39460;39740;39820;39900;40060;40340;40380;40420;40660;40980;41060;41420;41500;41540;42140;42340;43900;44100;44140;44220;44300;45060;45220;45780;45820;46060;46140;46220;46700;47220;47300;47580;48620;48700;48900;49340;49420;49740
2007-07-01,2026-06-01,228,128,29184,81.97752808988764,62,25,0,679,128,0,10420;10500;10740;11020;11460;11540;11700;12620;12700;12940;12980;13020;13380;13460;13780;13820;14020;14260;14500;14540;16180;16300;16620;16820;17020;17420;17660;17820;17860;18020;18140;18580;19460;20020;21300;21340;21500;21780;22180;22380;22500;23060;23420;23460;23540;23580;24020;24300;24540;25980;26300;26620;26820;27060;27140;27180;27260;27340;27740;27780;27860;28740;28940;29180;29540;29740;29940;30620;30700;30980;31180;31340;31540;32780;32900;33540;33660;33700;33780;33860;35300;35660;36100;36260;36420;37900;38300;38340;38940;39380;39460;39740;39820;39900;40060;40340;40380;40420;40660;40980;41060;41420;41500;41540;42140;42340;43900;44100;44140;44220;44300;45060;45220;45780;45820;46060;46140;46220;46700;47220;47300;47580;48620;48700;48900;49340;49420;49740
2007-08-01,2026-06-01,227,129,29283,82.25561797752809,60,25,0,679,129,0,10420;10500;10740;11020;11460;11540;11700;12620;12700;12940;12980;13020;13380;13460;13780;13820;14020;14260;14500;14540;16180;16300;16620;16820;17020;17420;17660;17820;17860;18020;18140;18580;19460;20020;21300;21340;21500;21780;22180;22380;22500;23060;23420;23460;23540;23580;24020;24300;24540;25980;26300;26620;26820;27060;27140;27180;27260;27340;27740;27780;27860;28740;28940;29180;29540;29740;29940;30620;30700;30980;31180;31340;31540;32780;32900;33540;33660;33700;33780;33860;35300;35660;36100;36260;36420;37900;38300;38340;38940;39380;39460;39740;39820;39900;40060;40340;40380;40420;40660;40980;41060;41420;41500;41540;42140;42340;43900;44100;44140;44180;44220;44300;45060;45220;45780;45820;46060;46140;46220;46700;47220;47300;47580;48620;48700;48900;49340;49420;49740
2007-12-01,2026-06-01,223,130,28990,82.12464589235128,59,25,0,679,130,0,10420;10500;10740;11020;11460;11540;11700;12620;12700;12940;12980;13020;13380;13460;13780;13820;14020;14260;14500;14540;16180;16300;16620;16820;17020;17420;17660;17820;17860;18020;18140;18580;19460;20020;21300;21340;21500;21780;22180;22380;22500;23060;23420;23460;23540;23580;24020;24300;24540;25980;26300;26620;26820;27060;27140;27180;27260;27340;27740;27780;27860;28740;28940;29180;29540;29740;29940;30620;30700;30980;31180;31340;31540;32780;32900;33540;33660;33700;33780;33860;34060;35300;35660;36100;36260;36420;37900;38300;38340;38940;39380;39460;39740;39820;39900;40060;40340;40380;40420;40660;40980;41060;41420;41500;41540;42140;42340;43900;44100;44140;44180;44220;44300;45060;45220;45780;45820;46060;46140;46220;46700;47220;47300;47580;48620;48700;48900;49340;49420;49740
2008-02-01,2026-06-01,221,131,28951,82.2471590909091,57,25,0,679,131,0,10420;10500;10740;11020;11460;11540;11700;12620;12700;12940;12980;13020;13380;13460;13780;13820;14020;14260;14500;14540;16180;16300;16620;16820;17020;17420;17660;17820;17860;18020;18140;18580;19460;20020;21300;21340;21500;21780;22180;22380;22500;23060;23420;23460;23540;23580;24020;24300;24540;24780;25980;26300;26620;26820;27060;27140;27180;27260;27340;27740;27780;27860;28740;28940;29180;29540;29740;29940;30620;30700;30980;31180;31340;31540;32780;32900;33540;33660;33700;33780;33860;34060;35300;35660;36100;36260;36420;37900;38300;38340;38940;39380;39460;39740;39820;39900;40060;40340;40380;40420;40660;40980;41060;41420;41500;41540;42140;42340;43900;44100;44140;44180;44220;44300;45060;45220;45780;45820;46060;46140;46220;46700;47220;47300;47580;48620;48700;48900;49340;49420;49740
2008-03-01,2026-06-01,220,133,29260,82.88951841359773,54,25,0,679,133,0,10420;10500;10740;11020;11460;11540;11700;12620;12700;12940;12980;13020;13380;13460;13780;13820;14020;14260;14500;14540;16180;16300;16620;16820;17020;17420;17660;17820;17860;18020;18140;18580;19460;20020;21300;21340;21500;21780;22180;22380;22500;23060;23420;23460;23540;23580;24020;24300;24540;24580;24780;25980;26300;26620;26820;27060;27140;27180;27260;27340;27740;27780;27860;28740;28940;29180;29540;29740;29940;30620;30700;30980;31180;31340;31540;32780;32900;33540;33660;33700;33780;33860;34060;35300;35660;36100;36260;36420;37900;38300;38340;38940;39380;39460;39740;39820;39900;40060;40340;40380;40420;40660;40980;41060;41420;41500;41540;42140;42340;43100;43900;44100;44140;44180;44220;44300;45060;45220;45780;45820;46060;46140;46220;46700;47220;47300;47580;48620;48700;48900;49340;49420;49740
2008-05-01,2026-06-01,218,134,29212,82.98863636363636,52,25,0,679,134,0,10420;10500;10740;11020;11460;11540;11700;12620;12700;12940;12980;13020;13380;13460;13780;13820;14020;14260;14500;14540;16180;16300;16620;16820;17020;17420;17660;17820;17860;18020;18140;18580;19460;20020;21300;21340;21500;21780;22180;22380;22420;22500;23060;23420;23460;23540;23580;24020;24300;24540;24580;24780;25980;26300;26620;26820;27060;27140;27180;27260;27340;27740;27780;27860;28740;28940;29180;29540;29740;29940;30620;30700;30980;31180;31340;31540;32780;32900;33540;33660;33700;33780;33860;34060;35300;35660;36100;36260;36420;37900;38300;38340;38940;39380;39460;39740;39820;39900;40060;40340;40380;40420;40660;40980;41060;41420;41500;41540;42140;42340;43100;43900;44100;44140;44180;44220;44300;45060;45220;45780;45820;46060;46140;46220;46700;47220;47300;47580;48620;48700;48900;49340;49420;49740
2008-06-01,2026-06-01,217,137,29729,83.98022598870057,48,25,0,679,137,0,10420;10500;10740;11020;11460;11540;11700;12620;12700;12940;12980;13020;13380;13460;13780;13820;14020;14260;14500;14540;16180;16300;16620;16820;17020;17420;17660;17820;17860;18020;18140;18580;19460;20020;21300;21340;21500;21780;22180;22380;22420;22500;23060;23420;23460;23540;23580;24020;24300;24540;24580;24780;25980;26300;26620;26820;27060;27100;27140;27180;27260;27340;27740;27780;27860;28740;28940;29180;29540;29740;29940;30020;30620;30700;30980;31180;31340;31540;32780;32900;33540;33660;33700;33780;33860;34060;35300;35660;36100;36260;36420;37900;38300;38340;38940;39380;39460;39660;39740;39820;39900;40060;40340;40380;40420;40660;40980;41060;41420;41500;41540;42140;42340;43100;43900;44100;44140;44180;44220;44300;45060;45220;45780;45820;46060;46140;46220;46700;47220;47300;47580;48620;48700;48900;49340;49420;49740
2008-07-01,2026-06-01,216,139,30024,84.57464788732395,46,25,0,679,139,0,10420;10500;10740;11020;11460;11540;11700;12620;12700;12940;12980;13020;13380;13460;13780;13820;14020;14260;14500;14540;16180;16300;16620;16820;16940;17020;17420;17660;17820;17860;18020;18140;18580;19460;20020;21300;21340;21500;21780;22180;22380;22420;22500;23060;23420;23460;23540;23580;24020;24300;24540;24580;24780;25980;26300;26620;26820;27060;27100;27140;27180;27260;27340;27740;27780;27860;28740;28940;29180;29540;29740;29940;30020;30620;30700;30980;31180;31340;31540;32780;32900;33540;33660;33700;33780;33860;34060;35300;35660;36100;36260;36420;37900;38300;38340;38940;39380;39460;39660;39740;39820;39900;40060;40340;40380;40420;40660;40980;41060;41420;41500;41540;42140;42340;43100;43900;44100;44140;44180;44220;44300;44940;45060;45220;45780;45820;46060;46140;46220;46700;47220;47300;47580;48620;48700;48900;49340;49420;49740
2008-11-01,2026-06-01,212,140,29680,84.31818181818181,44,25,0,679,140,0,10420;10500;10740;11020;11460;11540;11700;12620;12700;12940;12980;13020;13380;13460;13780;13820;14020;14260;14500;14540;16180;16300;16620;16820;16940;17020;17420;17660;17820;17860;18020;18140;18580;19460;20020;21300;21340;21500;21780;22180;22380;22420;22500;22540;23060;23420;23460;23540;23580;24020;24300;24540;24580;24780;25980;26300;26620;26820;27060;27100;27140;27180;27260;27340;27740;27780;27860;28740;28940;29180;29540;29740;29940;30020;30620;30700;30980;31180;31340;31540;32780;32900;33540;33660;33700;33780;33860;34060;35300;35660;36100;36260;36420;37900;38300;38340;38940;39380;39460;39660;39740;39820;39900;40060;40340;40380;40420;40660;40980;41060;41420;41500;41540;42140;42340;43100;43900;44100;44140;44180;44220;44300;44940;45060;45220;45780;45820;46060;46140;46220;46700;47220;47300;47580;48620;48700;48900;49340;49420;49740
2008-12-01,2026-06-01,211,142,29962,84.87818696883852,40,25,0,679,142,0,10420;10500;10740;11020;11460;11540;11700;12620;12700;12940;12980;13020;13380;13460;13780;13820;14020;14260;14500;14540;16180;16300;16620;16820;16940;17020;17420;17660;17820;17860;17900;18020;18140;18580;19460;20020;21300;21340;21500;21780;22180;22380;22420;22500;22540;23060;23420;23460;23540;23580;24020;24300;24540;24580;24780;25980;26300;26620;26820;27060;27100;27140;27180;27260;27340;27740;27780;27860;28740;28940;29180;29540;29740;29940;30020;30620;30700;30980;31180;31340;31540;32780;32900;33540;33660;33700;33780;33860;34060;35300;35660;36100;36260;36420;37900;38300;38340;38940;39380;39460;39660;39740;39820;39900;40060;40340;40380;40420;40660;40980;41060;41100;41420;41500;41540;42140;42340;43100;43900;44100;44140;44180;44220;44300;44940;45060;45220;45780;45820;46060;46140;46220;46700;47220;47300;47580;48620;48700;48900;49340;49420;49740
2009-01-01,2026-06-01,210,160,33600,90.8108108108108,24,23,0,679,160,0,10180;10420;10500;10740;11020;11100;11460;11540;11700;12620;12700;12940;12980;13020;13380;13460;13740;13780;13820;13900;14020;14260;14500;14540;16180;16300;16620;16820;16940;17020;17420;17660;17820;17860;17900;18020;18140;18580;19460;20020;20740;21300;21340;21500;21780;22180;22380;22420;22500;22540;23060;23420;23460;23540;23580;24020;24300;24540;24580;24780;25980;26300;26620;26820;26980;27060;27100;27140;27180;27260;27340;27740;27780;27860;28740;28940;29020;29180;29540;29700;29740;29940;30020;30620;30700;30980;31180;31340;31540;31740;31860;32780;32900;33260;33540;33660;33700;33780;33860;34060;35300;35660;36100;36220;36260;36420;37900;38300;38340;38540;38940;39380;39460;39660;39740;39820;39900;40060;40340;40380;40420;40660;40980;41060;41100;41420;41500;41540;42140;42340;43100;43900;44100;44140;44180;44220;44300;44940;45060;45220;45460;45780;45820;46060;46140;46220;46340;46700;47220;47300;47380;47580;48140;48620;48660;48700;48900;49340;49420;49740
2009-02-01,2026-06-01,209,162,33858,91.26145552560646,22,23,0,679,162,0,10180;10420;10500;10740;11020;11100;11460;11540;11700;12620;12700;12940;12980;13020;13380;13460;13740;13780;13820;13900;14020;14260;14500;14540;16180;16300;16620;16820;16940;17020;17420;17660;17820;17860;17900;18020;18140;18580;19460;20020;20220;20740;21300;21340;21500;21780;22180;22380;22420;22500;22540;23060;23420;23460;23540;23580;24020;24300;24540;24580;24780;25980;26300;26620;26820;26980;27060;27100;27140;27180;27260;27340;27740;27780;27860;28740;28940;29020;29180;29540;29700;29740;29940;30020;30620;30700;30980;31180;31340;31540;31740;31860;32780;32900;33260;33540;33660;33700;33780;33860;34060;34620;35300;35660;36100;36220;36260;36420;37900;38300;38340;38540;38940;39380;39460;39660;39740;39820;39900;40060;40340;40380;40420;40660;40980;41060;41100;41420;41500;41540;42140;42340;43100;43900;44100;44140;44180;44220;44300;44940;45060;45220;45460;45780;45820;46060;46140;46220;46340;46700;47220;47300;47380;47580;48140;48620;48660;48700;48900;49340;49420;49740
2009-03-01,2026-06-01,208,163,33904,91.38544474393531,21,23,0,679,163,0,10180;10420;10500;10740;11020;11100;11180;11460;11540;11700;12620;12700;12940;12980;13020;13380;13460;13740;13780;13820;13900;14020;14260;14500;14540;16180;16300;16620;16820;16940;17020;17420;17660;17820;17860;17900;18020;18140;18580;19460;20020;20220;20740;21300;21340;21500;21780;22180;22380;22420;22500;22540;23060;23420;23460;23540;23580;24020;24300;24540;24580;24780;25980;26300;26620;26820;26980;27060;27100;27140;27180;27260;27340;27740;27780;27860;28740;28940;29020;29180;29540;29700;29740;29940;30020;30620;30700;30980;31180;31340;31540;31740;31860;32780;32900;33260;33540;33660;33700;33780;33860;34060;34620;35300;35660;36100;36220;36260;36420;37900;38300;38340;38540;38940;39380;39460;39660;39740;39820;39900;40060;40340;40380;40420;40660;40980;41060;41100;41420;41500;41540;42140;42340;43100;43900;44100;44140;44180;44220;44300;44940;45060;45220;45460;45780;45820;46060;46140;46220;46340;46700;47220;47300;47380;47580;48140;48620;48660;48700;48900;49340;49420;49740
2009-07-01,2026-06-01,204,165,33660,91.21951219512195,18,23,0,679,165,0,10180;10420;10500;10740;11020;11100;11180;11460;11540;11700;12620;12700;12940;12980;13020;13380;13460;13740;13780;13820;13900;14020;14260;14500;14540;16180;16300;16620;16820;16940;17020;17420;17660;17820;17860;17900;18020;18140;18580;19460;20020;20100;20220;20740;21300;21340;21500;21780;22180;22380;22420;22500;22540;23060;23420;23460;23540;23580;24020;24300;24540;24580;24780;25980;26300;26620;26820;26980;27060;27100;27140;27180;27260;27340;27740;27780;27860;28740;28940;29020;29180;29540;29700;29740;29940;30020;30620;30700;30980;31180;31340;31540;31740;31860;32780;32900;33260;33540;33660;33700;33780;33860;34060;34620;35300;35660;36100;36220;36260;36420;37900;38300;38340;38540;38940;39380;39460;39660;39740;39820;39900;40060;40340;40380;40420;40660;40980;41060;41100;41420;41500;41540;42140;42340;43100;43900;44100;44140;44180;44220;44300;44940;45060;45220;45460;45780;45820;46060;46140;46220;46340;46660;46700;47220;47300;47380;47580;48140;48620;48660;48700;48900;49340;49420;49740
2009-09-01,2026-06-01,202,166,33532,91.1195652173913,17,23,0,679,166,0,10180;10420;10500;10740;11020;11100;11180;11460;11540;11700;12620;12700;12940;12980;13020;13380;13460;13740;13780;13820;13900;14020;14260;14500;14540;16180;16300;16620;16820;16940;17020;17420;17660;17820;17860;17900;18020;18140;18580;19460;20020;20100;20220;20740;21300;21340;21500;21780;22180;22380;22420;22500;22540;23060;23420;23460;23540;23580;24020;24300;24540;24580;24780;25500;25980;26300;26620;26820;26980;27060;27100;27140;27180;27260;27340;27740;27780;27860;28740;28940;29020;29180;29540;29700;29740;29940;30020;30620;30700;30980;31180;31340;31540;31740;31860;32780;32900;33260;33540;33660;33700;33780;33860;34060;34620;35300;35660;36100;36220;36260;36420;37900;38300;38340;38540;38940;39380;39460;39660;39740;39820;39900;40060;40340;40380;40420;40660;40980;41060;41100;41420;41500;41540;42140;42340;43100;43900;44100;44140;44180;44220;44300;44940;45060;45220;45460;45780;45820;46060;46140;46220;46340;46660;46700;47220;47300;47380;47580;48140;48620;48660;48700;48900;49340;49420;49740
2009-11-01,2026-06-01,200,167,33400,91.00817438692098,16,23,0,679,167,0,10180;10420;10500;10740;11020;11100;11180;11460;11540;11700;12620;12700;12940;12980;13020;13380;13460;13740;13780;13820;13900;14020;14260;14500;14540;16180;16300;16620;16820;16940;17020;17420;17660;17820;17860;17900;18020;18140;18580;19460;20020;20100;20220;20740;21300;21340;21500;21780;22140;22180;22380;22420;22500;22540;23060;23420;23460;23540;23580;24020;24300;24540;24580;24780;25500;25980;26300;26620;26820;26980;27060;27100;27140;27180;27260;27340;27740;27780;27860;28740;28940;29020;29180;29540;29700;29740;29940;30020;30620;30700;30980;31180;31340;31540;31740;31860;32780;32900;33260;33540;33660;33700;33780;33860;34060;34620;35300;35660;36100;36220;36260;36420;37900;38300;38340;38540;38940;39380;39460;39660;39740;39820;39900;40060;40340;40380;40420;40660;40980;41060;41100;41420;41500;41540;42140;42340;43100;43900;44100;44140;44180;44220;44300;44940;45060;45220;45460;45780;45820;46060;46140;46220;46340;46660;46700;47220;47300;47380;47580;48140;48620;48660;48700;48900;49340;49420;49740
2009-12-01,2026-06-01,199,168,33432,91.09536784741144,15,23,0,679,168,0,10180;10420;10500;10740;11020;11100;11180;11460;11540;11700;12620;12700;12940;12980;13020;13380;13460;13740;13780;13820;13900;14020;14260;14500;14540;16180;16300;16620;16820;16940;17020;17420;17660;17820;17860;17900;18020;18140;18580;18700;19460;20020;20100;20220;20740;21300;21340;21500;21780;22140;22180;22380;22420;22500;22540;23060;23420;23460;23540;23580;24020;24300;24540;24580;24780;25500;25980;26300;26620;26820;26980;27060;27100;27140;27180;27260;27340;27740;27780;27860;28740;28940;29020;29180;29540;29700;29740;29940;30020;30620;30700;30980;31180;31340;31540;31740;31860;32780;32900;33260;33540;33660;33700;33780;33860;34060;34620;35300;35660;36100;36220;36260;36420;37900;38300;38340;38540;38940;39380;39460;39660;39740;39820;39900;40060;40340;40380;40420;40660;40980;41060;41100;41420;41500;41540;42140;42340;43100;43900;44100;44140;44180;44220;44300;44940;45060;45220;45460;45780;45820;46060;46140;46220;46340;46660;46700;47220;47300;47380;47580;48140;48620;48660;48700;48900;49340;49420;49740
2010-01-01,2026-06-01,198,169,33462,91.17711171662125,14,23,0,679,169,0,10180;10420;10500;10740;11020;11100;11180;11460;11540;11700;12620;12700;12940;12980;13020;13380;13460;13740;13780;13820;13900;14020;14260;14500;14540;16180;16300;16620;16820;16940;17020;17420;17660;17820;17860;17900;18020;18140;18580;18700;19460;19500;20020;20100;20220;20740;21300;21340;21500;21780;22140;22180;22380;22420;22500;22540;23060;23420;23460;23540;23580;24020;24300;24540;24580;24780;25500;25980;26300;26620;26820;26980;27060;27100;27140;27180;27260;27340;27740;27780;27860;28740;28940;29020;29180;29540;29700;29740;29940;30020;30620;30700;30980;31180;31340;31540;31740;31860;32780;32900;33260;33540;33660;33700;33780;33860;34060;34620;35300;35660;36100;36220;36260;36420;37900;38300;38340;38540;38940;39380;39460;39660;39740;39820;39900;40060;40340;40380;40420;40660;40980;41060;41100;41420;41500;41540;42140;42340;43100;43900;44100;44140;44180;44220;44300;44940;45060;45220;45460;45780;45820;46060;46140;46220;46340;46660;46700;47220;47300;47380;47580;48140;48620;48660;48700;48900;49340;49420;49740
2010-02-01,2026-06-01,197,170,33490,91.2534059945504,13,23,0,679,170,0,10180;10420;10500;10740;11020;11100;11180;11460;11540;11700;12620;12700;12940;12980;13020;13380;13460;13740;13780;13820;13900;14020;14260;14500;14540;16180;16300;16620;16820;16940;17020;17420;17660;17820;17860;17900;18020;18140;18580;18700;19460;19500;20020;20100;20220;20740;21060;21300;21340;21500;21780;22140;22180;22380;22420;22500;22540;23060;23420;23460;23540;23580;24020;24300;24540;24580;24780;25500;25980;26300;26620;26820;26980;27060;27100;27140;27180;27260;27340;27740;27780;27860;28740;28940;29020;29180;29540;29700;29740;29940;30020;30620;30700;30980;31180;31340;31540;31740;31860;32780;32900;33260;33540;33660;33700;33780;33860;34060;34620;35300;35660;36100;36220;36260;36420;37900;38300;38340;38540;38940;39380;39460;39660;39740;39820;39900;40060;40340;40380;40420;40660;40980;41060;41100;41420;41500;41540;42140;42340;43100;43900;44100;44140;44180;44220;44300;44940;45060;45220;45460;45780;45820;46060;46140;46220;46340;46660;46700;47220;47300;47380;47580;48140;48620;48660;48700;48900;49340;49420;49740
2010-08-01,2026-06-01,191,171,32661,90.22375690607734,12,23,0,679,171,0,10180;10420;10500;10740;11020;11100;11180;11460;11540;11700;12620;12700;12940;12980;13020;13380;13460;13740;13780;13820;13900;14020;14260;14500;14540;16180;16300;16620;16820;16940;17020;17420;17660;17820;17860;17900;18020;18140;18580;18700;19460;19500;20020;20100;20220;20740;21060;21300;21340;21500;21780;22140;22180;22380;22420;22500;22540;23060;23420;23460;23540;23580;24020;24300;24500;24540;24580;24780;25500;25980;26300;26620;26820;26980;27060;27100;27140;27180;27260;27340;27740;27780;27860;28740;28940;29020;29180;29540;29700;29740;29940;30020;30620;30700;30980;31180;31340;31540;31740;31860;32780;32900;33260;33540;33660;33700;33780;33860;34060;34620;35300;35660;36100;36220;36260;36420;37900;38300;38340;38540;38940;39380;39460;39660;39740;39820;39900;40060;40340;40380;40420;40660;40980;41060;41100;41420;41500;41540;42140;42340;43100;43900;44100;44140;44180;44220;44300;44940;45060;45220;45460;45780;45820;46060;46140;46220;46340;46660;46700;47220;47300;47380;47580;48140;48620;48660;48700;48900;49340;49420;49740
2010-09-01,2026-06-01,190,172,32680,90.27624309392266,11,23,0,679,172,0,10180;10420;10500;10740;11020;11100;11180;11460;11540;11700;12620;12700;12940;12980;13020;13380;13460;13740;13780;13820;13900;14020;14260;14500;14540;16180;16220;16300;16620;16820;16940;17020;17420;17660;17820;17860;17900;18020;18140;18580;18700;19460;19500;20020;20100;20220;20740;21060;21300;21340;21500;21780;22140;22180;22380;22420;22500;22540;23060;23420;23460;23540;23580;24020;24300;24500;24540;24580;24780;25500;25980;26300;26620;26820;26980;27060;27100;27140;27180;27260;27340;27740;27780;27860;28740;28940;29020;29180;29540;29700;29740;29940;30020;30620;30700;30980;31180;31340;31540;31740;31860;32780;32900;33260;33540;33660;33700;33780;33860;34060;34620;35300;35660;36100;36220;36260;36420;37900;38300;38340;38540;38940;39380;39460;39660;39740;39820;39900;40060;40340;40380;40420;40660;40980;41060;41100;41420;41500;41540;42140;42340;43100;43900;44100;44140;44180;44220;44300;44940;45060;45220;45460;45780;45820;46060;46140;46220;46340;46660;46700;47220;47300;47380;47580;48140;48620;48660;48700;48900;49340;49420;49740
2011-04-01,2026-06-01,183,173,31659,88.92977528089888,10,23,0,679,173,0,10180;10420;10500;10740;11020;11100;11180;11460;11540;11700;12620;12700;12940;12980;13020;13380;13460;13740;13780;13820;13900;14020;14260;14500;14540;16180;16220;16300;16620;16820;16940;17020;17420;17660;17820;17860;17900;18020;18140;18580;18700;19460;19500;20020;20100;20220;20740;21060;21300;21340;21500;21780;22140;22180;22380;22420;22500;22540;23060;23420;23460;23540;23580;24020;24300;24500;24540;24580;24780;25500;25980;26300;26620;26820;26980;27060;27100;27140;27180;27260;27340;27740;27780;27860;28740;28940;29020;29180;29540;29700;29740;29940;30020;30620;30700;30980;31180;31340;31540;31740;31860;32780;32900;33260;33540;33660;33700;33780;33860;34060;34620;35300;35660;36100;36220;36260;36420;36980;37900;38300;38340;38540;38940;39380;39460;39660;39740;39820;39900;40060;40340;40380;40420;40660;40980;41060;41100;41420;41500;41540;42140;42340;43100;43900;44100;44140;44180;44220;44300;44940;45060;45220;45460;45780;45820;46060;46140;46220;46340;46660;46700;47220;47300;47380;47580;48140;48620;48660;48700;48900;49340;49420;49740
2011-05-01,2026-06-01,182,174,31668,88.95505617977528,9,23,0,679,174,0,10180;10420;10500;10740;11020;11100;11180;11460;11540;11700;12620;12700;12940;12980;13020;13380;13460;13740;13780;13820;13900;14020;14260;14500;14540;16180;16220;16300;16620;16820;16940;17020;17420;17660;17820;17860;17900;18020;18140;18580;18700;19460;19500;20020;20100;20220;20740;21060;21300;21340;21500;21780;22140;22180;22380;22420;22500;22540;23060;23420;23460;23540;23580;24020;24300;24500;24540;24580;24780;25500;25980;26300;26620;26820;26980;27060;27100;27140;27180;27260;27340;27740;27780;27860;28740;28940;29020;29180;29540;29700;29740;29940;30020;30620;30700;30980;31180;31340;31540;31740;31860;32780;32900;33260;33540;33660;33700;33740;33780;33860;34060;34620;35300;35660;36100;36220;36260;36420;36980;37900;38300;38340;38540;38940;39380;39460;39660;39740;39820;39900;40060;40340;40380;40420;40660;40980;41060;41100;41420;41500;41540;42140;42340;43100;43900;44100;44140;44180;44220;44300;44940;45060;45220;45460;45780;45820;46060;46140;46220;46340;46660;46700;47220;47300;47380;47580;48140;48620;48660;48700;48900;49340;49420;49740
2012-01-01,2026-06-01,174,175,30450,87.24928366762178,8,23,0,679,175,0,10180;10420;10500;10740;11020;11100;11180;11460;11540;11700;12620;12700;12940;12980;13020;13380;13460;13740;13780;13820;13900;14020;14260;14500;14540;16180;16220;16300;16620;16820;16940;17020;17420;17660;17820;17860;17900;18020;18140;18580;18700;19460;19500;20020;20100;20220;20740;21060;21300;21340;21500;21780;22140;22180;22380;22420;22500;22540;23060;23420;23460;23540;23580;24020;24300;24500;24540;24580;24780;25500;25620;25980;26300;26620;26820;26980;27060;27100;27140;27180;27260;27340;27740;27780;27860;28740;28940;29020;29180;29540;29700;29740;29940;30020;30620;30700;30980;31180;31340;31540;31740;31860;32780;32900;33260;33540;33660;33700;33740;33780;33860;34060;34620;35300;35660;36100;36220;36260;36420;36980;37900;38300;38340;38540;38940;39380;39460;39660;39740;39820;39900;40060;40340;40380;40420;40660;40980;41060;41100;41420;41500;41540;42140;42340;43100;43900;44100;44140;44180;44220;44300;44940;45060;45220;45460;45780;45820;46060;46140;46220;46340;46660;46700;47220;47300;47380;47580;48140;48620;48660;48700;48900;49340;49420;49740
2012-02-01,2026-06-01,173,176,30448,87.243553008596,7,23,0,679,176,0,10180;10420;10500;10740;11020;11100;11180;11460;11540;11700;12620;12700;12940;12980;13020;13380;13460;13740;13780;13820;13900;14020;14260;14500;14540;16180;16220;16300;16620;16820;16940;17020;17420;17660;17820;17860;17900;18020;18140;18580;18700;19460;19500;20020;20100;20220;20740;20940;21060;21300;21340;21500;21780;22140;22180;22380;22420;22500;22540;23060;23420;23460;23540;23580;24020;24300;24500;24540;24580;24780;25500;25620;25980;26300;26620;26820;26980;27060;27100;27140;27180;27260;27340;27740;27780;27860;28740;28940;29020;29180;29540;29700;29740;29940;30020;30620;30700;30980;31180;31340;31540;31740;31860;32780;32900;33260;33540;33660;33700;33740;33780;33860;34060;34620;35300;35660;36100;36220;36260;36420;36980;37900;38300;38340;38540;38940;39380;39460;39660;39740;39820;39900;40060;40340;40380;40420;40660;40980;41060;41100;41420;41500;41540;42140;42340;43100;43900;44100;44140;44180;44220;44300;44940;45060;45220;45460;45780;45820;46060;46140;46220;46340;46660;46700;47220;47300;47380;47580;48140;48620;48660;48700;48900;49340;49420;49740
2012-06-01,2026-06-01,169,177,29913,86.45375722543352,6,23,0,679,177,0,10180;10420;10500;10740;10780;11020;11100;11180;11460;11540;11700;12620;12700;12940;12980;13020;13380;13460;13740;13780;13820;13900;14020;14260;14500;14540;16180;16220;16300;16620;16820;16940;17020;17420;17660;17820;17860;17900;18020;18140;18580;18700;19460;19500;20020;20100;20220;20740;20940;21060;21300;21340;21500;21780;22140;22180;22380;22420;22500;22540;23060;23420;23460;23540;23580;24020;24300;24500;24540;24580;24780;25500;25620;25980;26300;26620;26820;26980;27060;27100;27140;27180;27260;27340;27740;27780;27860;28740;28940;29020;29180;29540;29700;29740;29940;30020;30620;30700;30980;31180;31340;31540;31740;31860;32780;32900;33260;33540;33660;33700;33740;33780;33860;34060;34620;35300;35660;36100;36220;36260;36420;36980;37900;38300;38340;38540;38940;39380;39460;39660;39740;39820;39900;40060;40340;40380;40420;40660;40980;41060;41100;41420;41500;41540;42140;42340;43100;43900;44100;44140;44180;44220;44300;44940;45060;45220;45460;45780;45820;46060;46140;46220;46340;46660;46700;47220;47300;47380;47580;48140;48620;48660;48700;48900;49340;49420;49740
2012-09-01,2026-06-01,166,178,29548,85.8953488372093,5,23,0,679,178,0,10180;10420;10500;10740;10780;11020;11100;11180;11460;11540;11700;12620;12700;12940;12980;13020;13380;13460;13740;13780;13820;13900;14020;14260;14500;14540;16180;16220;16300;16620;16820;16940;17020;17420;17660;17820;17860;17900;18020;18140;18580;18700;19460;19500;20020;20100;20220;20740;20940;21060;21300;21340;21500;21780;22140;22180;22380;22420;22500;22540;23060;23420;23460;23540;23580;24020;24300;24500;24540;24580;24780;25500;25620;25980;26300;26620;26820;26980;27060;27100;27140;27180;27260;27340;27740;27780;27860;28100;28740;28940;29020;29180;29540;29700;29740;29940;30020;30620;30700;30980;31180;31340;31540;31740;31860;32780;32900;33260;33540;33660;33700;33740;33780;33860;34060;34620;35300;35660;36100;36220;36260;36420;36980;37900;38300;38340;38540;38940;39380;39460;39660;39740;39820;39900;40060;40340;40380;40420;40660;40980;41060;41100;41420;41500;41540;42140;42340;43100;43900;44100;44140;44180;44220;44300;44940;45060;45220;45460;45780;45820;46060;46140;46220;46340;46660;46700;47220;47300;47380;47580;48140;48620;48660;48700;48900;49340;49420;49740
2014-01-01,2026-06-01,150,189,28350,83.6283185840708,5,12,0,679,189,0,10180;10420;10500;10540;10740;10780;11020;11100;11180;11460;11540;11700;12620;12700;12940;12980;13020;13220;13380;13460;13740;13780;13820;13900;14010;14020;14260;14500;14540;16180;16220;16300;16540;16620;16820;16940;17020;17420;17660;17820;17860;17900;18020;18140;18580;18700;19460;19500;20020;20100;20220;20740;20940;21060;21300;21340;21500;21780;22140;22180;22380;22420;22500;22540;23060;23420;23460;23540;23580;23900;24020;24260;24300;24500;24540;24580;24780;25220;25500;25620;25980;26140;26300;26620;26820;26980;27060;27100;27140;27180;27260;27340;27740;27780;27860;28100;28740;28940;29020;29180;29540;29700;29740;29940;30020;30620;30700;30980;31180;31340;31540;31740;31860;32780;32900;33220;33260;33540;33660;33700;33740;33780;33860;34060;34620;35300;35660;36100;36220;36260;36420;36980;37900;38300;38340;38540;38940;39380;39460;39660;39740;39820;39900;40060;40340;40380;40420;40660;40980;41060;41100;41420;41500;41540;42140;42340;43100;43900;44100;44140;44180;44220;44300;44940;45060;45220;45460;45780;45820;46060;46140;46220;46340;46520;46660;46700;47220;47300;47380;47460;47580;48140;48620;48660;48700;48900;49340;49420;49740
2014-04-01,2026-06-01,147,190,27930,82.87833827893175,4,12,0,679,190,0,10180;10420;10500;10540;10740;10780;11020;11100;11180;11460;11540;11700;12620;12700;12940;12980;13020;13220;13380;13460;13740;13780;13820;13900;14010;14020;14260;14500;14540;16180;16220;16300;16540;16620;16820;16940;17020;17420;17660;17820;17860;17900;18020;18140;18580;18700;19460;19500;20020;20100;20220;20740;20940;21060;21300;21340;21500;21780;22140;22180;22380;22420;22500;22540;23060;23420;23460;23540;23580;23900;24020;24260;24300;24500;24540;24580;24780;25220;25500;25620;25980;26140;26300;26620;26820;26980;27060;27100;27140;27180;27260;27340;27740;27780;27860;28100;28740;28940;29020;29180;29540;29700;29740;29940;30020;30140;30620;30700;30980;31180;31340;31540;31740;31860;32780;32900;33220;33260;33540;33660;33700;33740;33780;33860;34060;34620;35300;35660;36100;36220;36260;36420;36980;37900;38300;38340;38540;38940;39380;39460;39660;39740;39820;39900;40060;40340;40380;40420;40660;40980;41060;41100;41420;41500;41540;42140;42340;43100;43900;44100;44140;44180;44220;44300;44940;45060;45220;45460;45780;45820;46060;46140;46220;46340;46520;46660;46700;47220;47300;47380;47460;47580;48140;48620;48660;48700;48900;49340;49420;49740
2014-09-01,2026-06-01,142,191,27122,81.44744744744744,3,12,0,679,191,0,10180;10420;10500;10540;10740;10780;11020;11100;11180;11460;11540;11700;12620;12700;12940;12980;13020;13220;13380;13460;13740;13780;13820;13900;14010;14020;14260;14500;14540;16180;16220;16300;16540;16620;16820;16940;17020;17420;17660;17820;17860;17900;18020;18140;18580;18700;19460;19500;20020;20100;20220;20740;20940;21060;21300;21340;21500;21780;22140;22180;22380;22420;22500;22540;23060;23420;23460;23540;23580;23900;24020;24260;24300;24500;24540;24580;24780;25220;25500;25620;25980;26140;26300;26620;26820;26980;27060;27100;27140;27180;27260;27340;27740;27780;27860;28100;28740;28940;29020;29180;29540;29700;29740;29940;30020;30140;30620;30700;30980;31180;31340;31540;31740;31860;32780;32900;33220;33260;33540;33660;33700;33740;33780;33860;34060;34620;35300;35660;36100;36220;36260;36420;36980;37900;38300;38340;38540;38940;39380;39460;39660;39740;39820;39900;40060;40340;40380;40420;40660;40980;41060;41100;41420;41500;41540;41660;42140;42340;43100;43900;44100;44140;44180;44220;44300;44940;45060;45220;45460;45780;45820;46060;46140;46220;46340;46520;46660;46700;47220;47300;47380;47460;47580;48140;48620;48660;48700;48900;49340;49420;49740
2016-01-01,2026-06-01,126,192,24192,76.0754716981132,3,11,0,679,192,0,10180;10420;10500;10540;10740;10780;11020;11100;11180;11460;11540;11700;12620;12700;12940;12980;13020;13220;13380;13460;13740;13780;13820;13900;14010;14020;14260;14500;14540;16180;16220;16300;16540;16620;16820;16940;17020;17420;17660;17820;17860;17900;18020;18140;18580;18700;19460;19500;20020;20100;20220;20740;20940;21060;21300;21340;21420;21500;21780;22140;22180;22380;22420;22500;22540;23060;23420;23460;23540;23580;23900;24020;24260;24300;24500;24540;24580;24780;25220;25500;25620;25980;26140;26300;26620;26820;26980;27060;27100;27140;27180;27260;27340;27740;27780;27860;28100;28740;28940;29020;29180;29540;29700;29740;29940;30020;30140;30620;30700;30980;31180;31340;31540;31740;31860;32780;32900;33220;33260;33540;33660;33700;33740;33780;33860;34060;34620;35300;35660;36100;36220;36260;36420;36980;37900;38300;38340;38540;38940;39380;39460;39660;39740;39820;39900;40060;40340;40380;40420;40660;40980;41060;41100;41420;41500;41540;41660;42140;42340;43100;43900;44100;44140;44180;44220;44300;44940;45060;45220;45460;45780;45820;46060;46140;46220;46340;46520;46660;46700;47220;47300;47380;47460;47580;48140;48620;48660;48700;48900;49340;49420;49740
2016-02-01,2026-06-01,125,194,24250,76.01880877742947,1,11,0,679,194,0,10180;10420;10500;10540;10740;10780;11020;11100;11180;11460;11540;11700;12620;12700;12940;12980;13020;13220;13380;13460;13740;13780;13820;13900;14010;14020;14260;14500;14540;15500;16180;16220;16300;16540;16620;16820;16940;17020;17420;17660;17820;17860;17900;18020;18140;18580;18700;19460;19500;20020;20100;20220;20740;20940;21060;21300;21340;21420;21500;21780;22140;22180;22380;22420;22500;22540;23060;23420;23460;23540;23580;23900;24020;24260;24300;24500;24540;24580;24780;25220;25500;25620;25980;26140;26300;26620;26820;26980;27060;27100;27140;27180;27260;27340;27740;27780;27860;28100;28740;28940;29020;29180;29340;29540;29700;29740;29940;30020;30140;30620;30700;30980;31180;31340;31540;31740;31860;32780;32900;33220;33260;33540;33660;33700;33740;33780;33860;34060;34620;35300;35660;36100;36220;36260;36420;36980;37900;38300;38340;38540;38940;39380;39460;39660;39740;39820;39900;40060;40340;40380;40420;40660;40980;41060;41100;41420;41500;41540;41660;42140;42340;43100;43900;44100;44140;44180;44220;44300;44940;45060;45220;45460;45780;45820;46060;46140;46220;46340;46520;46660;46700;47220;47300;47380;47460;47580;48140;48620;48660;48700;48900;49340;49420;49740
2018-01-01,2026-06-01,102,195,19890,66.96969696969697,1,10,0,679,195,0,10180;10420;10500;10540;10740;10780;11020;11100;11180;11460;11540;11700;12620;12700;12940;12980;13020;13220;13380;13460;13740;13780;13820;13900;14010;14020;14260;14500;14540;15500;16180;16220;16300;16540;16620;16820;16940;17020;17420;17660;17820;17860;17900;18020;18140;18580;18700;19460;19500;20020;20100;20220;20740;20940;21060;21300;21340;21420;21500;21780;22140;22180;22380;22420;22500;22540;23060;23420;23460;23540;23580;23900;24020;24260;24300;24500;24540;24580;24780;25220;25500;25620;25980;26140;26300;26620;26820;26980;27060;27100;27140;27180;27260;27340;27740;27780;27860;28100;28740;28940;29020;29180;29340;29540;29700;29740;29940;30020;30140;30620;30700;30980;31180;31340;31540;31740;31860;32780;32900;33220;33260;33540;33660;33700;33740;33780;33860;34060;34620;35300;35660;36100;36220;36260;36420;36980;37900;38300;38340;38540;38940;39380;39460;39660;39740;39820;39900;40060;40340;40380;40420;40660;40980;41060;41100;41420;41500;41540;41660;42140;42340;43100;43900;44100;44140;44180;44220;44300;44940;45060;45220;45460;45780;45820;46060;46140;46220;46300;46340;46520;46660;46700;47220;47300;47380;47460;47580;48140;48620;48660;48700;48900;49340;49420;49740
2019-04-01,2026-06-01,87,196,17052,60.254416961130744,0,10,0,679,196,0,10180;10420;10500;10540;10740;10780;11020;11100;11180;11260;11460;11540;11700;12620;12700;12940;12980;13020;13220;13380;13460;13740;13780;13820;13900;14010;14020;14260;14500;14540;15500;16180;16220;16300;16540;16620;16820;16940;17020;17420;17660;17820;17860;17900;18020;18140;18580;18700;19460;19500;20020;20100;20220;20740;20940;21060;21300;21340;21420;21500;21780;22140;22180;22380;22420;22500;22540;23060;23420;23460;23540;23580;23900;24020;24260;24300;24500;24540;24580;24780;25220;25500;25620;25980;26140;26300;26620;26820;26980;27060;27100;27140;27180;27260;27340;27740;27780;27860;28100;28740;28940;29020;29180;29340;29540;29700;29740;29940;30020;30140;30620;30700;30980;31180;31340;31540;31740;31860;32780;32900;33220;33260;33540;33660;33700;33740;33780;33860;34060;34620;35300;35660;36100;36220;36260;36420;36980;37900;38300;38340;38540;38940;39380;39460;39660;39740;39820;39900;40060;40340;40380;40420;40660;40980;41060;41100;41420;41500;41540;41660;42140;42340;43100;43900;44100;44140;44180;44220;44300;44940;45060;45220;45460;45780;45820;46060;46140;46220;46300;46340;46520;46660;46700;47220;47300;47380;47460;47580;48140;48620;48660;48700;48900;49340;49420;49740
